"fries",0,"1"
"mayonnaise",31.75903,"Good"
"liquid detergent",59.73497,"Good"
"pain relief oil",79.38096,"Good"
"breakfast cereal",107.6966,"Good"
"yogurt juice",0,"2"
"paper plates",37.42254,"Good"
"deodorant",57.06663,"Good"
"chocolate cake bar",85.04874,"Good"
"potato chips",104.696,"Good"
"soy sauce",0,"3"
"hazelnut with cocoa spread",24.42106,"Good"
"breakfast cereal",45.73527,"Good"
"mayonnaise",66.71512,"Good"
"cloves",83.02803,"Good"
"whitening lotion",119.0047,"Good"
"toilet papers",138.1903,"Good"
"breakfast cereal",0,"4"
"soy sauce",20.41254,"Good"
"mayonnaise",43.39724,"Good"
"vanilla cake bar",61.36864,"Good"
"toilet papers",93.68436,"Good"
"pain relief oil",109.9968,"Good"
"shampoo",125.3097,"Good"
"white cheese",0,"5"
"sword pepper",18.41143,"Good"
"whole grain oats",51.39187,"Good"
"mayonnaise",75.37457,"Good"
"mushrooms",98.68494,"Good"
"ramen",122.3329,"Good"
"cheddar spread",0,"6"
"mushrooms",18.41464,"Good"
"canned ham",36.0665,"Good"
"fries",62.04511,"Good"
"bell pepper",84.35703,"Good"
"watermelon",0,"7"
"shampoo",28.42769,"Good"
"dishwashing liquid",51.73568,"Good"
"oyster sauce",81.05056,"Good"
"rice stick",109.6934,"Good"
"milk tea",124.6721,"Good"
"cocoa powder",140.2888,"Good"
"fries",0,"8"
"bell pepper",20.74818,"Good"
"pet shampoo",57.72607,"Good"
"toilet papers",74.70943,"Good"
"shampoo",92.33324,"Good"
"sword pepper",0,"9"
"grapes",18.0768,"Good"
"garlic pack",42.06001,"Good"
"rice stick",64.70573,"Good"
"nori",79.68298,"Good"
"mushrooms",96.65963,"Good"
"garlic pack",0,"10"
"chicken cutlet",21.42085,"Good"
"grapes",42.06963,"Good"
"yogurt juice",56.71656,"Good"
"baby wipes",88.69627,"Good"
"soy sauce",118.3402,"Good"
"canned ham",138.1338,"Good"
"whole grain oats",0,"11"
"wheat sesame",18.75228,"Good"
"rejuvenating serum",52.04627,"Good"
"pet shampoo",72.6969,"Good"
"paper plates",89.00552,"Good"
"dishwashing liquid",107.3207,"Good"
"air freshener",123.2992,"Good"
"paper plates",0,"12"
"fries",50.424,"Good"
"blueberries",83.06584,"Good"
"oyster sauce",110.3774,"Good"
"chicken spread",131.6864,"Good"
"whole grain oats",157.5043,"Good"
"prune juice",173.329,"Good"
"black roast coffee",0,"13"
"wheat sesame",15.4132,"Good"
"cheddar spread",30.06064,"Good"
"cotton buds",49.70377,"Good"
"shampoo",65.02033,"Good"
"dishwashing liquid",97.66387,"Good"
"chicken spread",0,"14"
"hazelnut with cocoa spread",16.41383,"Good"
"breakfast cereal",41.72749,"Good"
"black roast coffee",58.69238,"Good"
"nori",83.0032,"Good"
"facial wash",114.9671,"Good"
"baby wipes",0,"15"
"air freshener",21.75369,"Good"
"yogurt juice",55.73172,"Good"
"potato chips",76.04145,"Good"
"hazelnut with cocoa spread",107.3512,"Good"
"grapes",135.997,"Good"
"soy milk drink strawberry flavor",0,"16"
"soy sauce",19.41203,"Good"
"toilet papers",56.0592,"Good"
"chicken cutlet",96.36803,"Good"
"cloves",118.3459,"Good"
"onion",138.1442,"Good"
"toilet papers",0,"17"
"yogurt juice",40.4264,"Good"
"cheddar spread",65.05397,"Good"
"black roast coffee",82.03831,"Good"
"soy sauce",103.0135,"Good"
"puto cheese",125.9944,"Good"
"choco pie",0,"18"
"misua",26.08784,"Good"
"prune juice",47.40184,"Good"
"dishwashing liquid",73.04654,"Good"
"sword pepper",115.0263,"Good"
"paper plates",0,"19"
"pet shampoo",16.0822,"Good"
"yogurt juice",46.39513,"Good"
"mushrooms",64.03991,"Good"
"mayonnaise",83.68679,"Good"
"whole grain oats",102.6663,"Good"
"misua",0,"20"
"nori",14.74505,"Good"
"imported drinks",29.73271,"Good"
"mosquito net",59.37544,"Good"
"whitening lotion",76.6916,"Good"
"sword pepper",110.0065,"Good"
"sword pepper",0,"21"
"bell pepper",14.74595,"Good"
"ramen",40.06918,"Good"
"cocoa powder",57.71227,"Good"
"mushrooms",77.35944,"Good"
"onion",0,"22"
"prune juice",22.75019,"Good"
"misua",48.39431,"Good"
"muffin",71.70029,"Good"
"choco pie",97.67628,"Good"
"ramen",118.6633,"Good"
"cocoa powder",138.4857,"Good"
"oyster sauce",0,"23"
"caramel latte mix",25.75991,"Good"
"cayenne pepper",43.74044,"Good"
"milk tea",68.38828,"Good"
"rice stick",84.03236,"Good"
"rejuvenating serum",112.3462,"Good"
"hazelnut with cocoa spread",0,"24"
"black roast coffee",20.08511,"Good"
"cheddar spread",37.39888,"Good"
"facial wash",77.709,"Good"
"mosquito net",94.68705,"Good"
"liquid detergent",122.6632,"Good"
"oyster sauce",0,"25"
"cheddar spread",25.08874,"Good"
"sword pepper",52.38229,"Good"
"watermelon",67.69545,"Good"
"choco pie",92.32352,"Good"
"ramen",112.6371,"Good"
"whitening lotion",0,"26"
"fries",42.75641,"Good"
"soy sauce",69.06573,"Good"
"choco pie",91.36449,"Good"
"wheat sesame",115.0099,"Good"
"mayonnaise",0,"27"
"hazelnut with cocoa spread",15.411,"Good"
"watermelon",44.72954,"Good"
"milk tea",63.37238,"Good"
"air freshener",97.6842,"Good"
"pet shampoo",110.9932,"Good"
"liquid detergent",128.6395,"Good"
"deodorant",0,"28"
"cotton buds",17.41483,"Good"
"vanilla cake bar",49.73199,"Good"
"cloves",70.37813,"Good"
"garlic pack",82.02402,"Good"
"imported drinks",105.6864,"Good"
"potato chips",125.9951,"Good"
"mosquito net",0,"29"
"dishwashing liquid",30.08975,"Good"
"misua",66.0686,"Good"
"prune juice",97.37778,"Good"
"caramel latte mix",113.6919,"Good"
"canned ham",131.324,"Good"
"rice stick",153.815,"Good"
"shampoo",0,"30"
"baby wipes",17.74526,"Good"
"yogurt juice",48.72343,"Good"
"onion",75.03206,"Good"
"garlic pack",96.01001,"Good"
"vanilla cake bar",119.3208,"Good"
"soy milk drink strawberry flavor",139.1907,"Good"
"blueberries",0,"31"
"onion",26.08884,"Good"
"cloves",46.4035,"Good"
"misua",70.71851,"Good"
"dishwashing liquid",102.0313,"Good"
"deodorant",127.3407,"Good"
"caramel latte mix",163.4971,"Good"
"soy milk drink strawberry flavor",0,"32"
"cheddar spread",22.08532,"Good"
"blueberries",47.06292,"Good"
"frozen bangus",77.04042,"Good"
"pet shampoo",114.678,"Good"
"rejuvenating serum",134.6586,"Good"
"cayenne pepper",0,"33"
"fries",20.0768,"Good"
"cocoa powder",47.05855,"Good"
"facial wash",74.70824,"Good"
"mosquito net",91.01716,"Good"
"pain relief oil",110.9987,"Good"
"mayonnaise",0,"34"
"misua",24.75811,"Good"
"cotton buds",41.40117,"Good"
"canned ham",62.05031,"Good"
"hazelnut with cocoa spread",88.02612,"Good"
"ramen",0,"35"
"nutella",17.0801,"Good"
"choco pie",38.39492,"Good"
"deodorant",64.04192,"Good"
"pain relief oil",81.6897,"Good"
"chicken cutlet",118.6438,"Good"
"fries",134.7998,"Good"
"fries",0,"36"
"muffin",25.76091,"Good"
"wheat sesame",44.40337,"Good"
"deodorant",78.38198,"Good"
"seaweed",106.0082,"Good"
"rejuvenating serum",0,"37"
"liquid detergent",24.7551,"Good"
"black roast coffee",56.0682,"Good"
"cheddar spread",74.04731,"Good"
"prune juice",95.02437,"Good"
"mushrooms",110.674,"Good"
"milk tea",135.9857,"Good"
"puto cheese",0,"38"
"chicken cutlet",27.09105,"Good"
"blueberries",51.73863,"Good"
"watermelon",67.38482,"Good"
"shampoo",99.36122,"Good"
"deodorant",116.0043,"Good"
"mushrooms",147.6498,"Good"
"puto cheese",0,"39"
"caramel latte mix",16.75117,"Good"
"baby wipes",58.06641,"Good"
"whitening lotion",73.04216,"Good"
"nutella",106.6822,"Good"
"milk tea",0,"40"
"nutella",20.08251,"Good"
"soy sauce",39.06156,"Good"
"sword pepper",62.70755,"Good"
"bell pepper",77.6847,"Good"
"blueberries",93.66409,"Good"
"prune juice",118.9708,"Good"
"mayonnaise",0,"41"
"nori",20.41795,"Good"
"rice stick",35.39684,"Good"
"whole grain oats",55.03903,"Good"
"whitening lotion",85.01794,"Good"
"wheat sesame",0,"42"
"cheddar spread",15.41341,"Good"
"cotton buds",57.7239,"Good"
"whitening lotion",78.02467,"Good"
"fries",130.3275,"Good"
"rice stick",163.1498,"Good"
"nutella",189.6445,"Good"
"chocolate cake bar",0,"43"
"baby wipes",30.42879,"Good"
"soy milk drink strawberry flavor",68.74025,"Good"
"white cheese",102.0504,"Good"
"grapes",120.3635,"Good"
"blueberries",136.6496,"Good"
"rice stick",0,"44"
"yogurt juice",17.0797,"Good"
"ramen",34.72963,"Good"
"baby wipes",60.37492,"Good"
"white cheese",97.34928,"Good"
"mayonnaise",0,"45"
"nutella",15.4166,"Good"
"misua",39.06586,"Good"
"imported drinks",54.04091,"Good"
"wheat sesame",75.02106,"Good"
"caramel latte mix",90.32872,"Good"
"pet shampoo",0,"46"
"air freshener",13.41085,"Good"
"caramel latte mix",39.39525,"Good"
"chicken spread",57.37475,"Good"
"nori",81.01554,"Good"
"rice stick",95.99319,"Good"
"mayonnaise",0,"47"
"frozen bangus",23.08753,"Good"
"chicken cutlet",43.39959,"Good"
"mushrooms",68.6921,"Good"
"nori",85.67725,"Good"
"choco pie",108.6545,"Good"
"mosquito net",0,"48"
"whitening lotion",17.41403,"Good"
"watermelon",49.39597,"Good"
"mayonnaise",74.03871,"Good"
"ramen",89.01917,"Good"
"vanilla cake bar",115.994,"Good"
"black roast coffee",132.6286,"Good"
"potato chips",0,"49"
"paper plates",28.75882,"Good"
"pain relief oil",45.73701,"Good"
"deodorant",64.05262,"Good"
"black roast coffee",98.02863,"Good"
"muffin",115.3369,"Good"
"frozen bangus",0,"50"
"cloves",20.39661,"Good"
"cayenne pepper",32.04502,"Good"
"bell pepper",51.70357,"Good"
"muffin",76.68212,"Good"
"breakfast cereal",0,"51"
"canned ham",15.74768,"Good"
"air freshener",39.40227,"Good"
"facial wash",60.71495,"Good"
"dishwashing liquid",83.35229,"Good"
"watermelon",0,"52"
"shampoo",18.0793,"Good"
"dishwashing liquid",48.39593,"Good"
"toilet papers",66.37354,"Good"
"hazelnut with cocoa spread",102.0163,"Good"
"puto cheese",119.3279,"Good"
"ramen",0,"53"
"cotton buds",22.41946,"Good"
"pain relief oil",53.70679,"Good"
"dishwashing liquid",72.68594,"Good"
"tacchino",108.6589,"Good"
"muffin",137.6358,"Good"
"prune juice",159.7927,"Good"
"ramen",0,"54"
"potato chips",22.42006,"Good"
"watermelon",51.06063,"Good"
"sword pepper",70.3768,"Good"
"toilet papers",118.6826,"Good"
"dishwashing liquid",139.182,"Good"
"shampoo",0,"55"
"cotton buds",15.08173,"Good"
"cloves",35.07009,"Good"
"hazelnut with cocoa spread",53.71423,"Good"
"whole grain oats",74.36246,"Good"
"mushrooms",0,"56"
"cocoa powder",18.41153,"Good"
"toilet papers",51.39187,"Good"
"grapes",86.37202,"Good"
"bell pepper",103.6831,"Good"
"breakfast cereal",132.9946,"Good"
"tacchino",0,"57"
"soy sauce",25.7563,"Good"
"seaweed",47.41889,"Good"
"shampoo",72.39534,"Good"
"cheddar spread",94.37605,"Good"
"deodorant",137.3553,"Good"
"liquid detergent",165.1806,"Good"
"misua",0,"58"
"ramen",33.42435,"Good"
"cocoa powder",50.40679,"Good"
"onion",74.05478,"Good"
"dishwashing liquid",105.03,"Good"
"cheddar spread",0,"59"
"rice stick",21.07991,"Good"
"mosquito net",53.39087,"Good"
"sword pepper",88.69865,"Good"
"chicken cutlet",111.0169,"Good"
"onion",0,"60"
"yogurt juice",21.08592,"Good"
"air freshener",53.73009,"Good"
"pet shampoo",67.04095,"Good"
"mushrooms",90.01711,"Good"
"nori",110.6693,"Good"
"baby wipes",0,"61"
"black roast coffee",34.4235,"Good"
"puto cheese",49.40284,"Good"
"yogurt juice",74.71471,"Good"
"ramen",92.3559,"Good"
"air freshener",0,"62"
"liquid detergent",16.42003,"Good"
"deodorant",40.40203,"Good"
"bell pepper",78.37575,"Good"
"watermelon",99.66856,"Good"
"shampoo",0,"63"
"soy sauce",28.40325,"Good"
"chocolate cake bar",50.38059,"Good"
"whole grain oats",76.02328,"Good"
"chicken cutlet",103.0009,"Good"
"breakfast cereal",0,"64"
"soy sauce",23.74909,"Good"
"misua",66.05464,"Good"
"soy milk drink strawberry flavor",92.69968,"Good"
"bell pepper",123.3432,"Good"
"baby wipes",173.5206,"Good"
"soy sauce",0,"65"
"oyster sauce",36.42879,"Good"
"chocolate cake bar",58.74441,"Good"
"nori",87.72036,"Good"
"rejuvenating serum",119.3629,"Good"
"facial wash",0,"66"
"toilet papers",19.05917,"Good"
"mayonnaise",47.37796,"Good"
"oyster sauce",65.69188,"Good"
"nori",83.66827,"Good"
"wheat sesame",104.3166,"Good"
"watermelon",125.6281,"Good"
"frozen bangus",0,"67"
"baby wipes",49.08793,"Good"
"rejuvenating serum",65.39736,"Good"
"seaweed",94.045,"Good"
"ramen",117.0256,"Good"
"puto cheese",140.0526,"Good"
"caramel latte mix",0,"68"
"misua",26.09024,"Good"
"soy sauce",42.73701,"Good"
"cocoa powder",73.71157,"Good"
"milk tea",88.68712,"Good"
"canned ham",109.335,"Good"
"toilet papers",134.3125,"Good"
"pet shampoo",0,"69"
"paper plates",17.75267,"Good"
"watermelon",62.06612,"Good"
"chicken spread",91.37539,"Good"
"rice stick",117.0181,"Good"
"milk tea",133.3806,"Good"
"pain relief oil",0,"70"
"air freshener",17.07909,"Good"
"wheat sesame",44.39601,"Good"
"mayonnaise",61.70438,"Good"
"chicken spread",76.68083,"Good"
"cheddar spread",91.65998,"Good"
"rice stick",111.9715,"Good"
"misua",0,"71"
"nutella",21.41585,"Good"
"muffin",44.05581,"Good"
"hazelnut with cocoa spread",58.69964,"Good"
"cheddar spread",76.0106,"Good"
"facial wash",108.9841,"Good"
"hazelnut with cocoa spread",0,"72"
"paper plates",33.42694,"Good"
"facial wash",53.07113,"Good"
"imported drinks",80.38461,"Good"
"canned ham",100.0295,"Good"
"chicken cutlet",125.6732,"Good"
"deodorant",0,"73"
"yogurt juice",27.42478,"Good"
"imported drinks",43.0678,"Good"
"fries",70.71088,"Good"
"cheddar spread",92.68678,"Good"
"hazelnut with cocoa spread",110.3352,"Good"
"mosquito net",0,"74"
"whitening lotion",16.75057,"Good"
"soy milk drink strawberry flavor",48.72775,"Good"
"tacchino",77.37149,"Good"
"canned ham",102.3324,"Good"
"muffin",0,"75"
"breakfast cereal",20.75048,"Good"
"sword pepper",49.72847,"Good"
"garlic pack",77.68691,"Good"
"blueberries",103.3323,"Good"
"onion",128.3145,"Good"
"mayonnaise",0,"76"
"mushrooms",20.41484,"Good"
"ramen",36.39718,"Good"
"tacchino",62.37648,"Good"
"chicken cutlet",78.01927,"Good"
"sword pepper",98.33218,"Good"
"chocolate cake bar",0,"77"
"oyster sauce",23.08842,"Good"
"grapes",65.39139,"Good"
"white cheese",84.70695,"Good"
"bell pepper",102.3551,"Good"
"nutella",136.3315,"Good"
"dishwashing liquid",169.1501,"Good"
"blueberries",0,"78"
"tacchino",20.75108,"Good"
"chocolate cake bar",43.06064,"Good"
"seaweed",64.0379,"Good"
"muffin",89.01984,"Good"
"hazelnut with cocoa spread",103.6651,"Good"
"baby wipes",144.9749,"Good"
"pet shampoo",0,"79"
"yogurt juice",34.76091,"Good"
"breakfast cereal",60.06658,"Good"
"hazelnut with cocoa spread",81.71246,"Good"
"seaweed",107.0088,"Good"
"toilet papers",0,"80"
"deodorant",19.06557,"Good"
"muffin",55.71317,"Good"
"black roast coffee",73.02184,"Good"
"yogurt juice",95.00533,"Good"
"grapes",111.3107,"Good"
"blueberries",124.6226,"Good"
"paper plates",0,"81"
"dishwashing liquid",18.75078,"Good"
"mushrooms",42.39982,"Good"
"chocolate cake bar",67.69463,"Good"
"grapes",85.341,"Good"
"canned ham",0,"82"
"tacchino",25.75681,"Good"
"onion",44.05109,"Good"
"chicken spread",65.03094,"Good"
"wheat sesame",81.34047,"Good"
"caramel latte mix",95.9841,"Good"
"black roast coffee",110.6303,"Good"
"cotton buds",0,"83"
"whitening lotion",17.75037,"Good"
"sword pepper",48.39563,"Good"
"fries",71.37428,"Good"
"chocolate cake bar",97.6838,"Good"
"wheat sesame",120.6645,"Good"
"whole grain oats",138.9731,"Good"
"oyster sauce",0,"84"
"imported drinks",18.75377,"Good"
"cotton buds",36.40181,"Good"
"potato chips",65.05015,"Good"
"sword pepper",93.69149,"Good"
"chicken cutlet",117.0028,"Good"
"grapes",140.3703,"Good"
"oyster sauce",0,"85"
"shampoo",17.41403,"Good"
"potato chips",43.39627,"Good"
"hazelnut with cocoa spread",77.7022,"Good"
"prune juice",102.3467,"Good"
"mosquito net",140.657,"Good"
"sword pepper",180.8155,"Good"
"sword pepper",0,"86"
"mosquito net",33.40613,"Good"
"wheat sesame",70.04958,"Good"
"vanilla cake bar",88.02967,"Good"
"cheddar spread",107.3439,"Good"
"choco pie",132.3198,"Good"
"misua",0,"87"
"mushrooms",15.408,"Good"
"paper plates",52.05571,"Good"
"wheat sesame",88.36564,"Good"
"tacchino",115.0097,"Good"
"garlic pack",142.6509,"Good"
"seaweed",0,"88"
"whitening lotion",26.41957,"Good"
"pain relief oil",42.73013,"Good"
"baby wipes",60.38341,"Good"
"breakfast cereal",90.68723,"Good"
"fries",117.6635,"Good"
"frozen bangus",133.4121,"Good"
"hazelnut with cocoa spread",0,"89"
"chicken spread",16.07959,"Good"
"breakfast cereal",36.39701,"Good"
"cloves",57.37297,"Good"
"onion",76.68874,"Good"
"mushrooms",98.99806,"Good"
"rice stick",117.6431,"Good"
"tacchino",0,"90"
"watermelon",20.42275,"Good"
"potato chips",46.4014,"Good"
"imported drinks",69.71298,"Good"
"pain relief oil",104.0194,"Good"
"prune juice",134.3346,"Good"
"hazelnut with cocoa spread",159.4922,"Good"
"imported drinks",0,"91"
"misua",15.07963,"Good"
"prune juice",36.39716,"Good"
"puto cheese",56.04244,"Good"
"grapes",83.69053,"Good"
"sword pepper",103.0031,"Good"
"white cheese",120.9849,"Good"
"shampoo",0,"92"
"puto cheese",34.09218,"Good"
"black roast coffee",49.07352,"Good"
"tacchino",72.38469,"Good"
"white cheese",86.69591,"Good"
"rice stick",108.3397,"Good"
"white cheese",0,"93"
"blueberries",20.08381,"Good"
"facial wash",52.72974,"Good"
"prune juice",86.37463,"Good"
"hazelnut with cocoa spread",109.3504,"Good"
"wheat sesame",128.9995,"Good"
"paper plates",0,"94"
"potato chips",31.09316,"Good"
"chicken spread",61.40502,"Good"
"frozen bangus",84.38468,"Good"
"white cheese",109.6952,"Good"
"soy sauce",0,"95"
"garlic pack",22.08492,"Good"
"cloves",35.39622,"Good"
"white cheese",60.04065,"Good"
"mosquito net",95.01491,"Good"
"misua",0,"96"
"mushrooms",14.74475,"Good"
"cotton buds",29.73281,"Good"
"imported drinks",46.37958,"Good"
"whitening lotion",75.35484,"Good"
"breakfast cereal",106.3337,"Good"
"black roast coffee",122.6461,"Good"
"shampoo",0,"97"
"liquid detergent",25.42147,"Good"
"seaweed",53.0675,"Good"
"cloves",78.05016,"Good"
"whole grain oats",100.3597,"Good"
"cocoa powder",0,"98"
"imported drinks",16.40912,"Good"
"cheddar spread",38.72513,"Good"
"toilet papers",71.03136,"Good"
"chicken cutlet",111.3394,"Good"
"liquid detergent",0,"99"
"dishwashing liquid",14.41458,"Good"
"imported drinks",50.40373,"Good"
"yogurt juice",67.38178,"Good"
"blueberries",85.69779,"Good"
"tacchino",0,"100"
"mayonnaise",33.76126,"Good"
"seaweed",49.07602,"Good"
"cheddar spread",74.71892,"Good"
"puto cheese",94.69762,"Good"
"white cheese",0,"101"
"sword pepper",17.41083,"Good"
"watermelon",35.06284,"Good"
"soy sauce",55.70967,"Good"
"imported drinks",72.02379,"Good"
"toilet papers",104.3331,"Good"
"rejuvenating serum",123.3088,"Good"
"rice stick",0,"102"
"canned ham",19.74617,"Good"
"oyster sauce",36.39241,"Good"
"hazelnut with cocoa spread",59.03915,"Good"
"cloves",78.35431,"Good"
"white cheese",0,"103"
"yogurt juice",15.06001,"Good"
"muffin",47.04889,"Good"
"hazelnut with cocoa spread",61.69523,"Good"
"pain relief oil",100.3356,"Good"
"paper plates",0,"104"
"cocoa powder",31.42399,"Good"
"oyster sauce",51.07132,"Good"
"choco pie",71.37984,"Good"
"frozen bangus",102.3589,"Good"
"muffin",126.0019,"Good"
"potato chips",0,"105"
"deodorant",24.08623,"Good"
"breakfast cereal",55.39684,"Good"
"sword pepper",84.37499,"Good"
"cloves",112.3523,"Good"
"whole grain oats",0,"106"
"muffin",21.39512,"Good"
"hazelnut with cocoa spread",36.04499,"Good"
"chicken cutlet",66.02209,"Good"
"mosquito net",109.6611,"Good"
"whitening lotion",127.2896,"Good"
"potato chips",153.1109,"Good"
"yogurt juice",0,"107"
"chocolate cake bar",15.74268,"Good"
"cocoa powder",31.05496,"Good"
"shampoo",48.37106,"Good"
"mosquito net",80.99305,"Good"
"dishwashing liquid",106.9702,"Good"
"breakfast cereal",0,"108"
"oyster sauce",26.42257,"Good"
"wheat sesame",56.06699,"Good"
"white cheese",83.37836,"Good"
"seaweed",117.3547,"Good"
"sword pepper",0,"109"
"cotton buds",38.09158,"Good"
"baby wipes",55.07422,"Good"
"hazelnut with cocoa spread",98.05159,"Good"
"chocolate cake bar",113.3444,"Good"
"mushrooms",135.3275,"Good"
"canned ham",154.4827,"Good"
"cocoa powder",0,"110"
"rice stick",17.0812,"Good"
"cheddar spread",36.73433,"Good"
"cloves",52.38251,"Good"
"white cheese",76.0312,"Good"
"bell pepper",92.0089,"Good"
"tacchino",0,"111"
"ramen",22.42356,"Good"
"nori",37.39944,"Good"
"deodorant",63.71315,"Good"
"mosquito net",79.68655,"Good"
"facial wash",0,"112"
"hazelnut with cocoa spread",43.42245,"Good"
"chicken cutlet",73.40356,"Good"
"blueberries",98.71613,"Good"
"tacchino",120.0273,"Good"
"ramen",144.6256,"Good"
"mushrooms",160.7841,"Good"
"deodorant",0,"113"
"facial wash",13.40584,"Good"
"dishwashing liquid",38.74121,"Good"
"breakfast cereal",64.05248,"Good"
"prune juice",75.70107,"Good"
"canned ham",92.67642,"Good"
"rice stick",112.6587,"Good"
"shampoo",0,"114"
"toilet papers",24.75299,"Good"
"vanilla cake bar",65.06256,"Good"
"misua",93.36878,"Good"
"potato chips",133.3464,"Good"
"watermelon",161.8367,"Good"
"nori",0,"115"
"bell pepper",25.08403,"Good"
"watermelon",48.06292,"Good"
"cheddar spread",73.37269,"Good"
"toilet papers",109.0171,"Good"
"facial wash",129.9885,"Good"
"pet shampoo",158.8142,"Good"
"mayonnaise",0,"116"
"toilet papers",34.4267,"Good"
"canned ham",61.40646,"Good"
"watermelon",85.71188,"Good"
"chicken cutlet",107.0219,"Good"
"canned ham",0,"117"
"seaweed",16.07849,"Good"
"whitening lotion",41.73239,"Good"
"rejuvenating serum",56.02534,"Good"
"breakfast cereal",83.33572,"Good"
"potato chips",0,"118"
"cocoa powder",21.41775,"Good"
"choco pie",45.06198,"Good"
"black roast coffee",68.37475,"Good"
"paper plates",99.35,"Good"
"cayenne pepper",135.6619,"Good"
"cloves",0,"119"
"imported drinks",24.7547,"Good"
"deodorant",55.39868,"Good"
"vanilla cake bar",95.04127,"Good"
"breakfast cereal",115.3527,"Good"
"tacchino",0,"120"
"sword pepper",19.08521,"Good"
"mayonnaise",51.39448,"Good"
"prune juice",73.70409,"Good"
"rice stick",94.0191,"Good"
"cotton buds",110.3307,"Good"
"facial wash",145.6423,"Good"
"toilet papers",0,"121"
"cotton buds",15.07783,"Good"
"shampoo",36.06696,"Good"
"choco pie",61.71185,"Good"
"cloves",90.01687,"Good"
"fries",109.994,"Good"
"onion",128.642,"Good"
"white cheese",0,"122"
"fries",20.08211,"Good"
"blueberries",47.06086,"Good"
"milk tea",65.70689,"Good"
"cheddar spread",89.35108,"Good"
"air freshener",118.9987,"Good"
"pain relief oil",136.8483,"Good"
"pain relief oil",0,"123"
"rejuvenating serum",16.40051,"Good"
"misua",49.04955,"Good"
"nutella",73.69389,"Good"
"nori",97.33607,"Good"
"puto cheese",122.9819,"Good"
"muffin",139.4704,"Good"
"soy sauce",0,"124"
"vanilla cake bar",22.75509,"Good"
"cheddar spread",43.40156,"Good"
"cloves",59.71267,"Good"
"tacchino",84.69112,"Good"
"rejuvenating serum",123.6621,"Good"
"dishwashing liquid",0,"125"
"black roast coffee",25.08823,"Good"
"bell pepper",46.07312,"Good"
"frozen bangus",67.04988,"Good"
"imported drinks",95.03018,"Good"
"deodorant",0,"126"
"liquid detergent",26.75611,"Good"
"air freshener",43.72063,"Good"
"soy sauce",72.3465,"Good"
"yogurt juice",96.99393,"Good"
"chicken spread",0,"127"
"puto cheese",21.08872,"Good"
"oyster sauce",45.06657,"Good"
"pain relief oil",84.71066,"Good"
"mosquito net",106.3582,"Good"
"prune juice",0,"128"
"deodorant",32.42799,"Good"
"garlic pack",71.40585,"Good"
"watermelon",96.71902,"Good"
"rice stick",116.6997,"Good"
"milk tea",0,"129"
"nutella",20.41694,"Good"
"mushrooms",40.06596,"Good"
"black roast coffee",57.71475,"Good"
"wheat sesame",72.35708,"Good"
"chicken spread",0,"130"
"cheddar spread",15.07683,"Good"
"fries",40.0601,"Good"
"bell pepper",60.70872,"Good"
"cloves",85.02114,"Good"
"choco pie",115.9994,"Good"
"ramen",139.6291,"Good"
"misua",0,"131"
"chocolate cake bar",20.42095,"Good"
"nutella",44.7316,"Good"
"mushrooms",68.37459,"Good"
"liquid detergent",102.0212,"Good"
"breakfast cereal",130.3335,"Good"
"prune juice",142.808,"Good"
"chicken cutlet",0,"132"
"air freshener",36.09228,"Good"
"shampoo",50.40259,"Good"
"toilet papers",67.38214,"Good"
"nori",99.01954,"Good"
"black roast coffee",0,"133"
"soy sauce",23.42196,"Good"
"soy milk drink strawberry flavor",52.39635,"Good"
"chicken spread",77.04508,"Good"
"cayenne pepper",93.35059,"Good"
"grapes",121.3269,"Good"
"rejuvenating serum",159.6856,"Good"
"oyster sauce",0,"134"
"choco pie",29.08695,"Good"
"liquid detergent",54.06953,"Good"
"baby wipes",76.38145,"Good"
"paper plates",94.69637,"Good"
"nori",0,"135"
"soy milk drink strawberry flavor",29.08875,"Good"
"wheat sesame",52.39885,"Good"
"pain relief oil",87.04509,"Good"
"sword pepper",127.3529,"Good"
"white cheese",146.5103,"Good"
"garlic pack",0,"136"
"cotton buds",44.07146,"Good"
"deodorant",63.05132,"Good"
"dishwashing liquid",90.69521,"Good"
"cocoa powder",131.339,"Good"
"nutella",156.4956,"Good"
"vanilla cake bar",184.3178,"Good"
"shampoo",0,"137"
"sword pepper",38.76021,"Good"
"mayonnaise",73.73428,"Good"
"soy milk drink strawberry flavor",96.71443,"Good"
"puto cheese",119.3585,"Good"
"misua",148.9005,"Good"
"imported drinks",189.7173,"Good"
"chocolate cake bar",0,"138"
"sword pepper",37.09623,"Good"
"white cheese",55.40965,"Good"
"nori",81.71977,"Good"
"paper plates",120.6951,"Good"
"facial wash",0,"139"
"cotton buds",18.74827,"Good"
"chocolate cake bar",55.05736,"Good"
"soy milk drink strawberry flavor",74.03802,"Good"
"blueberries",106.014,"Good"
"seaweed",130.658,"Good"
"soy sauce",0,"140"
"bell pepper",22.09243,"Good"
"sword pepper",45.07051,"Good"
"watermelon",60.38118,"Good"
"paper plates",93.35974,"Good"
"liquid detergent",0,"141"
"pet shampoo",16.41283,"Good"
"yogurt juice",49.06485,"Good"
"seaweed",69.38028,"Good"
"imported drinks",90.35564,"Good"
"sword pepper",111.338,"Good"
"cheddar spread",0,"142"
"garlic pack",15.07953,"Good"
"cloves",28.39204,"Good"
"deodorant",65.70409,"Good"
"rice stick",94.34863,"Good"
"cocoa powder",111.3266,"Good"
"frozen bangus",0,"143"
"onion",20.08441,"Good"
"nori",44.04486,"Good"
"hazelnut with cocoa spread",71.68645,"Good"
"breakfast cereal",93.66995,"Good"
"pain relief oil",119.9731,"Good"
"pain relief oil",0,"144"
"nori",28.75642,"Good"
"chocolate cake bar",45.06747,"Good"
"caramel latte mix",69.35963,"Good"
"whole grain oats",86.00816,"Good"
"onion",109.9879,"Good"
"canned ham",0,"145"
"nori",23.41946,"Good"
"grapes",43.06347,"Good"
"chicken cutlet",65.70561,"Good"
"blueberries",92.01473,"Good"
"toilet papers",131.9922,"Good"
"mosquito net",155.1461,"Good"
"watermelon",0,"146"
"canned ham",31.42279,"Good"
"chocolate cake bar",59.73837,"Good"
"whole grain oats",91.37526,"Good"
"vanilla cake bar",115.0248,"Good"
"chicken spread",136.0032,"Good"
"pet shampoo",175.8221,"Good"
"whole grain oats",0,"147"
"facial wash",34.4253,"Good"
"cotton buds",53.07174,"Good"
"paper plates",68.71413,"Good"
"ramen",99.03185,"Good"
"frozen bangus",130.3389,"Good"
"onion",151.8319,"Good"
"facial wash",0,"148"
"dishwashing liquid",26.08714,"Good"
"yogurt juice",65.39594,"Good"
"nori",86.70882,"Good"
"puto cheese",112.3537,"Good"
"chicken spread",133.6623,"Good"
"cheddar spread",149.4894,"Good"
"bell pepper",0,"149"
"fries",22.75549,"Good"
"frozen bangus",38.72902,"Good"
"onion",58.04509,"Good"
"canned ham",79.69048,"Good"
"mayonnaise",0,"150"
"hazelnut with cocoa spread",14.74806,"Good"
"blueberries",44.73632,"Good"
"frozen bangus",74.71453,"Good"
"air freshener",112.6905,"Good"
"toilet papers",129.0014,"Good"
"facial wash",149.4907,"Good"
"white cheese",0,"151"
"cotton buds",25.08533,"Good"
"cocoa powder",46.39763,"Good"
"whitening lotion",80.03453,"Good"
"wheat sesame",122.3444,"Good"
"muffin",144.1192,"Good"
"breakfast cereal",168.9395,"Good"
"tacchino",0,"152"
"sword pepper",18.74857,"Good"
"cocoa powder",37.39967,"Good"
"potato chips",57.70858,"Good"
"pet shampoo",86.35533,"Good"
"vanilla cake bar",116.9991,"Good"
"shampoo",0,"153"
"whitening lotion",17.395,"Good"
"toilet papers",37.04874,"Good"
"soy sauce",70.68662,"Good"
"hazelnut with cocoa spread",96.32591,"Good"
"cocoa powder",125.6421,"Good"
"ramen",143.9991,"Good"
"whole grain oats",0,"154"
"puto cheese",18.75218,"Good"
"cayenne pepper",38.0636,"Good"
"bell pepper",56.04221,"Good"
"onion",70.68555,"Good"
"vanilla cake bar",0,"155"
"breakfast cereal",19.39971,"Good"
"yogurt juice",42.37181,"Good"
"pet shampoo",74.68414,"Good"
"deodorant",96.66055,"Good"
"cayenne pepper",133.6231,"Good"
"air freshener",0,"156"
"cayenne pepper",35.42334,"Good"
"fries",57.40365,"Good"
"chicken spread",82.71372,"Good"
"milk tea",110.3545,"Good"
"liquid detergent",0,"157"
"puto cheese",33.09693,"Good"
"muffin",49.07062,"Good"
"white cheese",83.71396,"Good"
"garlic pack",112.0278,"Good"
"fries",133.6699,"Good"
"baby wipes",0,"158"
"ramen",30.09215,"Good"
"seaweed",45.40186,"Good"
"yogurt juice",67.04924,"Good"
"mushrooms",86.69283,"Good"
"cayenne pepper",108.9987,"Good"
"pain relief oil",0,"159"
"tacchino",37.75607,"Good"
"imported drinks",60.73941,"Good"
"misua",75.71577,"Good"
"mushrooms",90.36411,"Good"
"wheat sesame",108.0085,"Good"
"muffin",0,"160"
"chocolate cake bar",14.74175,"Good"
"choco pie",44.06572,"Good"
"cloves",74.37275,"Good"
"rejuvenating serum",116.6821,"Good"
"whitening lotion",131.3484,"Good"
"facial wash",146.503,"Good"
"soy sauce",0,"161"
"rice stick",19.74818,"Good"
"shampoo",34.73034,"Good"
"nutella",56.70814,"Good"
"sword pepper",81.6833,"Good"
"garlic pack",107.9955,"Good"
"black roast coffee",125.9742,"Good"
"toilet papers",0,"162"
"air freshener",17.75287,"Good"
"soy milk drink strawberry flavor",50.40234,"Good"
"yogurt juice",83.70971,"Good"
"grapes",99.01947,"Good"
"paper plates",0,"163"
"milk tea",37.75496,"Good"
"muffin",67.40105,"Good"
"prune juice",90.71132,"Good"
"cloves",114.3574,"Good"
"onion",135.6694,"Good"
"white cheese",157.4874,"Good"
"cloves",0,"164"
"blueberries",26.76052,"Good"
"seaweed",50.73795,"Good"
"oyster sauce",70.04982,"Good"
"wheat sesame",86.02692,"Good"
"rejuvenating serum",0,"165"
"mayonnaise",26.0696,"Good"
"nori",46.04025,"Good"
"soy milk drink strawberry flavor",70.35377,"Good"
"cloves",94.33147,"Good"
"onion",113.644,"Good"
"rejuvenating serum",0,"166"
"liquid detergent",25.42347,"Good"
"canned ham",55.0647,"Good"
"nori",80.71088,"Good"
"tacchino",108.355,"Good"
"onion",128.6691,"Good"
"paper plates",0,"167"
"air freshener",18.41413,"Good"
"cayenne pepper",56.39722,"Good"
"sword pepper",89.701,"Good"
"cloves",123.6764,"Good"
"imported drinks",152.2158,"Good"
"mayonnaise",178.037,"Good"
"cocoa powder",0,"168"
"shampoo",18.41493,"Good"
"toilet papers",57.72549,"Good"
"whole grain oats",90.68269,"Good"
"wheat sesame",110.6629,"Good"
"breakfast cereal",129.3072,"Good"
"chocolate cake bar",0,"169"
"caramel latte mix",17.75397,"Good"
"potato chips",40.71739,"Good"
"facial wash",64.36257,"Good"
"bell pepper",98.33607,"Good"
"mosquito net",0,"170"
"tacchino",34.75971,"Good"
"onion",52.4051,"Good"
"frozen bangus",71.38575,"Good"
"black roast coffee",96.03479,"Good"
"nutella",114.6781,"Good"
"chicken cutlet",0,"171"
"garlic pack",22.74698,"Good"
"vanilla cake bar",43.37119,"Good"
"air freshener",73.3531,"Good"
"nori",104.6627,"Good"
"potato chips",124.9783,"Good"
"choco pie",140.9481,"Good"
"dishwashing liquid",0,"172"
"deodorant",24.75469,"Good"
"whitening lotion",39.06405,"Good"
"vanilla cake bar",78.37343,"Good"
"mushrooms",99.01857,"Good"
"prune juice",0,"173"
"soy milk drink strawberry flavor",16.41143,"Good"
"hazelnut with cocoa spread",35.05836,"Good"
"frozen bangus",57.70419,"Good"
"blueberries",88.01062,"Good"
"whitening lotion",118.6581,"Good"
"seaweed",0,"174"
"canned ham",16.75007,"Good"
"mushrooms",31.73674,"Good"
"sword pepper",61.04466,"Good"
"cloves",90.02422,"Good"
"mosquito net",131.9952,"Good"
"mayonnaise",0,"175"
"seaweed",11.74967,"Good"
"cotton buds",34.0949,"Good"
"fries",57.40436,"Good"
"grapes",81.04695,"Good"
"white cheese",98.36671,"Good"
"misua",0,"176"
"tacchino",40.76271,"Good"
"yogurt juice",57.06933,"Good"
"white cheese",72.3825,"Good"
"garlic pack",97.3428,"Good"
"cocoa powder",122.9923,"Good"
"pet shampoo",0,"177"
"whitening lotion",20.41685,"Good"
"nori",46.3996,"Good"
"potato chips",66.04468,"Good"
"grapes",88.02368,"Good"
"ramen",0,"178"
"caramel latte mix",25.75601,"Good"
"blueberries",54.39579,"Good"
"frozen bangus",89.04353,"Good"
"rejuvenating serum",139.6635,"Good"
"liquid detergent",164.4893,"Good"
"whitening lotion",191.313,"Good"
"caramel latte mix",0,"179"
"soy milk drink strawberry flavor",18.73354,"Good"
"yogurt juice",45.37886,"Good"
"toilet papers",77.02135,"Good"
"cayenne pepper",109.3303,"Good"
"chicken cutlet",131.3102,"Good"
"garlic pack",154.1318,"Good"
"toilet papers",0,"180"
"ramen",32.42089,"Good"
"mushrooms",53.73286,"Good"
"cocoa powder",73.37666,"Good"
"onion",99.68958,"Good"
"chocolate cake bar",0,"181"
"baby wipes",43.75597,"Good"
"rejuvenating serum",60.05152,"Good"
"paper plates",80.70066,"Good"
"cocoa powder",117.6563,"Good"
"mushrooms",143.4054,"Good"
"white cheese",174.2276,"Good"
"garlic pack",0,"182"
"chicken cutlet",22.75019,"Good"
"nutella",52.39912,"Good"
"potato chips",73.37586,"Good"
"chicken spread",101.6856,"Good"
"puto cheese",122.0015,"Good"
"baby wipes",158.4144,"Good"
"liquid detergent",0,"183"
"whitening lotion",27.09515,"Good"
"white cheese",72.40247,"Good"
"blueberries",94.37888,"Good"
"frozen bangus",131.6871,"Good"
"seaweed",171.5069,"Good"
"choco pie",198.6637,"Good"
"canned ham",0,"184"
"choco pie",20.08812,"Good"
"whole grain oats",41.06775,"Good"
"puto cheese",60.0415,"Good"
"muffin",75.35526,"Good"
"deodorant",113.9962,"Good"
"soy milk drink strawberry flavor",0,"185"
"wheat sesame",20.08311,"Good"
"prune juice",36.73194,"Good"
"cloves",57.04586,"Good"
"chicken cutlet",78.36123,"Good"
"imported drinks",103.0074,"Good"
"seaweed",123.978,"Good"
"imported drinks",0,"186"
"yogurt juice",17.07849,"Good"
"mushrooms",37.39207,"Good"
"shampoo",52.36582,"Good"
"paper plates",91.01236,"Good"
"air freshener",109.3212,"Good"
"chicken spread",147.3003,"Good"
"pain relief oil",0,"187"
"liquid detergent",19.08681,"Good"
"puto cheese",46.73144,"Good"
"choco pie",70.68948,"Good"
"chicken cutlet",102.338,"Good"
"tacchino",118.3151,"Good"
"soy sauce",0,"188"
"wheat sesame",16.41403,"Good"
"blueberries",39.06126,"Good"
"cloves",63.71149,"Good"
"chicken cutlet",84.35352,"Good"
"onion",0,"189"
"muffin",29.09476,"Good"
"oyster sauce",50.74157,"Good"
"nutella",84.37827,"Good"
"liquid detergent",115.69,"Good"
"mosquito net",145.3319,"Good"
"whole grain oats",0,"190"
"chocolate cake bar",21.08482,"Good"
"misua",44.72984,"Good"
"cotton buds",76.03801,"Good"
"nutella",97.35188,"Good"
"milk tea",118.3281,"Good"
"mosquito net",146.1281,"Good"
"caramel latte mix",0,"191"
"hazelnut with cocoa spread",20.08111,"Good"
"cheddar spread",37.39747,"Good"
"mayonnaise",53.03946,"Good"
"baby wipes",92.68115,"Good"
"tacchino",130.304,"Good"
"blueberries",152.1306,"Good"
"wheat sesame",0,"192"
"shampoo",20.08151,"Good"
"garlic pack",42.72844,"Good"
"blueberries",71.7066,"Good"
"grapes",85.01646,"Good"
"chicken cutlet",111.646,"Good"
"garlic pack",0,"193"
"chicken cutlet",22.75439,"Good"
"shampoo",62.72814,"Good"
"pain relief oil",80.70774,"Good"
"seaweed",111.0179,"Good"
"prune juice",0,"194"
"chocolate cake bar",23.08702,"Good"
"vanilla cake bar",36.39772,"Good"
"facial wash",84.03703,"Good"
"grapes",121.3447,"Good"
"garlic pack",152.3756,"Good"
"fries",176.5262,"Good"
"cheddar spread",0,"195"
"soy milk drink strawberry flavor",22.42416,"Good"
"black roast coffee",42.4049,"Good"
"pain relief oil",71.71247,"Good"
"cayenne pepper",105.3531,"Good"
"soy sauce",0,"196"
"oyster sauce",32.42599,"Good"
"whole grain oats",55.40314,"Good"
"sword pepper",86.71401,"Good"
"air freshener",126.6909,"Good"
"soy sauce",0,"197"
"wheat sesame",20.41965,"Good"
"yogurt juice",45.73076,"Good"
"mosquito net",78.0358,"Good"
"whitening lotion",96.01579,"Good"
"rejuvenating serum",111.3287,"Good"
"cocoa powder",0,"198"
"misua",16.41273,"Good"
"nori",31.37814,"Good"
"dishwashing liquid",60.6885,"Good"
"soy milk drink strawberry flavor",87.33104,"Good"
"black roast coffee",106.6429,"Good"
"watermelon",128.9543,"Good"
"mushrooms",0,"199"
"imported drinks",16.41283,"Good"
"milk tea",31.39779,"Good"
"choco pie",55.70868,"Good"
"misua",83.01945,"Good"
"oyster sauce",100.3324,"Good"
"prune juice",117.6433,"Good"
"nori",0,"200"
"oyster sauce",18.41954,"Good"
"grapes",39.06176,"Good"
"pain relief oil",69.70889,"Good"
"vanilla cake bar",100.3482,"Good"
"breakfast cereal",119.332,"Good"
"soy milk drink strawberry flavor",0,"201"
"cocoa powder",30.09256,"Good"
"yogurt juice",43.40306,"Good"
"seaweed",66.0479,"Good"
"mushrooms",89.02815,"Good"
"pet shampoo",120.0016,"Good"
"wheat sesame",0,"202"
"misua",35.42165,"Good"
"baby wipes",82.0627,"Good"
"fries",135.0374,"Good"
"blueberries",167.1907,"Good"
"dishwashing liquid",0,"203"
"bell pepper",46.76022,"Good"
"garlic pack",79.40356,"Good"
"frozen bangus",100.3819,"Good"
"sword pepper",132.6874,"Good"
"mayonnaise",0,"204"
"choco pie",23.41876,"Good"
"mushrooms",47.72991,"Good"
"misua",62.70816,"Good"
"pain relief oil",95.67953,"Good"
"mosquito net",116.6575,"Good"
"pain relief oil",0,"205"
"ramen",33.75877,"Good"
"mushrooms",49.06983,"Good"
"yogurt juice",68.36673,"Good"
"imported drinks",84.67774,"Good"
"breakfast cereal",106.638,"Good"
"puto cheese",125.6191,"Good"
"nutella",0,"206"
"shampoo",25.7563,"Good"
"baby wipes",64.06986,"Good"
"bell pepper",112.3753,"Good"
"cayenne pepper",133.3538,"Good"
"grapes",161.8435,"Good"
"chocolate cake bar",0,"207"
"cocoa powder",15.4109,"Good"
"hazelnut with cocoa spread",43.06206,"Good"
"black roast coffee",61.70979,"Good"
"tacchino",85.68629,"Good"
"fries",104.0028,"Good"
"nutella",0,"208"
"deodorant",28.41978,"Good"
"whole grain oats",60.72803,"Good"
"chicken cutlet",88.0411,"Good"
"blueberries",111.6834,"Good"
"onion",136.3317,"Good"
"air freshener",0,"209"
"deodorant",24.41936,"Good"
"caramel latte mix",61.73088,"Good"
"soy sauce",82.37791,"Good"
"choco pie",110.6849,"Good"
"mushrooms",130.3295,"Good"
"frozen bangus",0,"210"
"garlic pack",19.08411,"Good"
"fries",38.73024,"Good"
"vanilla cake bar",65.04037,"Good"
"potato chips",91.01717,"Good"
"mosquito net",114.3277,"Good"
"hazelnut with cocoa spread",0,"211"
"wheat sesame",20.08942,"Good"
"misua",51.39507,"Good"
"tacchino",93.37299,"Good"
"shampoo",115.0199,"Good"
"whitening lotion",148.3283,"Good"
"shampoo",0,"212"
"mushrooms",15.74348,"Good"
"puto cheese",34.72743,"Good"
"whole grain oats",53.04025,"Good"
"rejuvenating serum",81.01505,"Good"
"whitening lotion",0,"213"
"air freshener",22.75289,"Good"
"watermelon",62.05851,"Good"
"cloves",88.03801,"Good"
"soy sauce",109.3459,"Good"
"wheat sesame",126.3275,"Good"
"chicken spread",144.4052,"Good"
"cotton buds",0,"214"
"pet shampoo",17.75237,"Good"
"oyster sauce",43.39507,"Good"
"seaweed",62.0406,"Good"
"black roast coffee",81.68739,"Good"
"bell pepper",101.3335,"Good"
"blueberries",124.3104,"Good"
"cotton buds",0,"215"
"prune juice",31.09236,"Good"
"nutella",50.07284,"Good"
"yogurt juice",72.37917,"Good"
"blueberries",90.02866,"Good"
"tacchino",112.005,"Good"
"fries",131.6474,"Good"
"mushrooms",0,"216"
"shampoo",15.75318,"Good"
"hazelnut with cocoa spread",39.07135,"Good"
"cheddar spread",56.38591,"Good"
"baby wipes",90.0234,"Good"
"tacchino",125.0054,"Good"
"pain relief oil",0,"217"
"ramen",26.08994,"Good"
"cocoa powder",45.07183,"Good"
"wheat sesame",66.71771,"Good"
"garlic pack",82.69511,"Good"
"wheat sesame",0,"218"
"cloves",16.74736,"Good"
"pain relief oil",48.04146,"Good"
"baby wipes",65.68684,"Good"
"whitening lotion",79.98039,"Good"
"rejuvenating serum",94.62832,"Good"
"ramen",117.9434,"Good"
"cheddar spread",0,"219"
"wheat sesame",15.08093,"Good"
"whole grain oats",33.73563,"Good"
"air freshener",59.71464,"Good"
"watermelon",95.02621,"Good"
"sword pepper",113.0029,"Good"
"mushrooms",0,"220"
"rice stick",19.42114,"Good"
"choco pie",44.40002,"Good"
"canned ham",64.71535,"Good"
"white cheese",92.69125,"Good"
"air freshener",131.6701,"Good"
"pain relief oil",149.8202,"Good"
"dishwashing liquid",0,"221"
"toilet papers",19.42005,"Good"
"cheddar spread",56.39503,"Good"
"wheat sesame",71.37277,"Good"
"muffin",92.0173,"Good"
"yogurt juice",123.6591,"Good"
"tacchino",148.5309,"Good"
"soy sauce",0,"222"
"chocolate cake bar",25.7531,"Good"
"misua",52.06716,"Good"
"ramen",86.04367,"Good"
"paper plates",117.3525,"Good"
"fries",0,"223"
"tacchino",19.41354,"Good"
"toilet papers",59.72479,"Good"
"baby wipes",78.0388,"Good"
"shampoo",95.01535,"Good"
"ramen",126.6588,"Good"
"soy sauce",142.7594,"Good"
"toilet papers",0,"224"
"dishwashing liquid",20.41665,"Good"
"mosquito net",51.06242,"Good"
"soy sauce",90.36649,"Good"
"puto cheese",116.0079,"Good"
"nutella",141.3221,"Good"
"frozen bangus",0,"225"
"nori",35.09043,"Good"
"breakfast cereal",58.73652,"Good"
"black roast coffee",75.69971,"Good"
"dishwashing liquid",105.0098,"Good"
"facial wash",130.986,"Good"
"pet shampoo",157.8097,"Good"
"misua",0,"226"
"hazelnut with cocoa spread",24.7575,"Good"
"grapes",52.73054,"Good"
"blueberries",66.039,"Good"
"bell pepper",83.35186,"Good"
"white cheese",99.33056,"Good"
"seaweed",0,"227"
"nutella",15.08003,"Good"
"canned ham",30.39455,"Good"
"pet shampoo",54.37549,"Good"
"black roast coffee",80.35079,"Good"
"muffin",97.66496,"Good"
"white cheese",126.3086,"Good"
"rice stick",0,"228"
"choco pie",24.41896,"Good"
"chocolate cake bar",46.06797,"Good"
"cheddar spread",71.04193,"Good"
"black roast coffee",88.02637,"Good"
"breakfast cereal",0,"229"
"soy milk drink strawberry flavor",17.74597,"Good"
"pain relief oil",54.38954,"Good"
"liquid detergent",75.37099,"Good"
"frozen bangus",121.0117,"Good"
"chicken cutlet",143.0136,"Good"
"toilet papers",0,"230"
"facial wash",19.73465,"Good"
"pet shampoo",43.71109,"Good"
"soy milk drink strawberry flavor",73.68689,"Good"
"hazelnut with cocoa spread",92.33382,"Good"
"breakfast cereal",114.9803,"Good"
"chocolate cake bar",0,"231"
"mayonnaise",21.42155,"Good"
"seaweed",33.06986,"Good"
"facial wash",62.72492,"Good"
"air freshener",85.35199,"Good"
"chicken cutlet",124.6589,"Good"
"cheddar spread",149.6133,"Good"
"dishwashing liquid",0,"232"
"canned ham",27.42318,"Good"
"soy sauce",42.73769,"Good"
"prune juice",60.71568,"Good"
"chicken spread",83.69663,"Good"
"frozen bangus",108.0078,"Good"
"onion",130.3179,"Good"
"whitening lotion",0,"233"
"shampoo",17.0859,"Good"
"black roast coffee",52.72644,"Good"
"cayenne pepper",72.36962,"Good"
"bell pepper",96.34622,"Good"
"nutella",0,"234"
"misua",24.755,"Good"
"dishwashing liquid",58.0575,"Good"
"muffin",93.68163,"Good"
"breakfast cereal",116.3264,"Good"
"hazelnut with cocoa spread",140.64,"Good"
"cotton buds",0,"235"
"ramen",25.41977,"Good"
"seaweed",40.73606,"Good"
"rice stick",65.04599,"Good"
"grapes",85.34515,"Good"
"hazelnut with cocoa spread",115.9847,"Good"
"prune juice",139.9592,"Good"
"whole grain oats",0,"236"
"cheddar spread",21.41575,"Good"
"cotton buds",59.05397,"Good"
"yogurt juice",93.362,"Good"
"watermelon",110.3394,"Good"
"onion",134.983,"Good"
"muffin",0,"237"
"soy sauce",18.74787,"Good"
"choco pie",48.06321,"Good"
"nutella",70.37482,"Good"
"milk tea",91.35248,"Good"
"tacchino",114.3368,"Good"
"blueberries",134.6501,"Good"
"liquid detergent",0,"238"
"pet shampoo",16.41193,"Good"
"cocoa powder",49.05976,"Good"
"canned ham",72.03681,"Good"
"choco pie",91.35118,"Good"
"cayenne pepper",117.6626,"Good"
"watermelon",0,"239"
"bell pepper",17.41453,"Good"
"seaweed",46.05911,"Good"
"soy sauce",61.7052,"Good"
"deodorant",93.3464,"Good"
"bell pepper",0,"240"
"grapes",17.41583,"Good"
"onion",39.40147,"Good"
"oyster sauce",59.04485,"Good"
"chicken spread",77.69428,"Good"
"vanilla cake bar",95.34026,"Good"
"rejuvenating serum",127.6502,"Good"
"misua",0,"241"
"mayonnaise",22.42036,"Good"
"caramel latte mix",42.06538,"Good"
"muffin",60.71661,"Good"
"air freshener",92.68941,"Good"
"cloves",125.3316,"Good"
"blueberries",0,"242"
"facial wash",37.42105,"Good"
"whitening lotion",52.06737,"Good"
"rejuvenating serum",67.71176,"Good"
"oyster sauce",105.0212,"Good"
"seaweed",0,"243"
"nori",22.42316,"Good"
"yogurt juice",37.39294,"Good"
"facial wash",69.03493,"Good"
"puto cheese",111.0143,"Good"
"black roast coffee",126.3207,"Good"
"bell pepper",0,"244"
"vanilla cake bar",36.75741,"Good"
"breakfast cereal",58.73832,"Good"
"canned ham",75.04933,"Good"
"toilet papers",106.3564,"Good"
"air freshener",124.0016,"Good"
"pet shampoo",137.905,"Good"
"potato chips",0,"245"
"choco pie",15.4142,"Good"
"black roast coffee",36.39902,"Good"
"caramel latte mix",49.70499,"Good"
"air freshener",75.01947,"Good"
"onion",105.3304,"Good"
"grapes",126.9687,"Good"
"chocolate cake bar",0,"246"
"oyster sauce",20.08151,"Good"
"mushrooms",44.39602,"Good"
"nori",65.04166,"Good"
"milk tea",78.33418,"Good"
"canned ham",100.9822,"Good"
"prune juice",0,"247"
"black roast coffee",17.08791,"Good"
"dishwashing liquid",45.73519,"Good"
"chicken cutlet",85.7071,"Good"
"tacchino",102.0014,"Good"
"nutella",133.642,"Good"
"chocolate cake bar",0,"248"
"shampoo",31.4231,"Good"
"mosquito net",56.4029,"Good"
"baby wipes",73.05064,"Good"
"grapes",106.0243,"Good"
"watermelon",121.3366,"Good"
"puto cheese",0,"249"
"misua",25.08834,"Good"
"deodorant",61.06438,"Good"
"baby wipes",75.70702,"Good"
"air freshener",96.35326,"Good"
"seaweed",122.9979,"Good"
"puto cheese",0,"250"
"pain relief oil",35.75636,"Good"
"choco pie",66.40189,"Good"
"canned ham",88.04188,"Good"
"imported drinks",110.6857,"Good"
"liquid detergent",0,"251"
"whole grain oats",27.42568,"Good"
"onion",53.40483,"Good"
"nori",79.71925,"Good"
"rice stick",95.36283,"Good"
"misua",0,"252"
"nutella",21.41905,"Good"
"cheddar spread",43.06307,"Good"
"whole grain oats",62.03973,"Good"
"facial wash",92.34695,"Good"
"air freshener",113.6626,"Good"
"white cheese",0,"253"
"baby wipes",43.42815,"Good"
"paper plates",63.07443,"Good"
"cheddar spread",99.05074,"Good"
"puto cheese",118.6927,"Good"
"mayonnaise",139.5192,"Good"
"nutella",168.0086,"Good"
"ramen",0,"254"
"cocoa powder",19.08471,"Good"
"potato chips",42.0642,"Good"
"milk tea",64.04829,"Good"
"nori",77.35596,"Good"
"cloves",108.0012,"Good"
"pet shampoo",147.974,"Good"
"misua",0,"255"
"garlic pack",22.08652,"Good"
"pet shampoo",51.73074,"Good"
"chicken spread",81.37672,"Good"
"black roast coffee",99.68634,"Good"
"soy milk drink strawberry flavor",118.9966,"Good"
"cayenne pepper",0,"256"
"tacchino",26.75231,"Good"
"facial wash",68.39744,"Good"
"wheat sesame",107.0389,"Good"
"misua",139.6786,"Good"
"vanilla cake bar",0,"257"
"chicken spread",19.08091,"Good"
"mayonnaise",33.72959,"Good"
"deodorant",73.36929,"Good"
"choco pie",100.0121,"Good"
"mayonnaise",0,"258"
"pet shampoo",40.42379,"Good"
"mosquito net",68.3999,"Good"
"pain relief oil",91.37875,"Good"
"baby wipes",111.6907,"Good"
"pet shampoo",0,"259"
"mayonnaise",31.4241,"Good"
"puto cheese",50.4016,"Good"
"whole grain oats",69.36329,"Good"
"yogurt juice",93.3429,"Good"
"onion",117.6558,"Good"
"misua",0,"260"
"nutella",26.08844,"Good"
"oyster sauce",47.07122,"Good"
"mushrooms",62.38079,"Good"
"breakfast cereal",82.694,"Good"
"watermelon",111.6736,"Good"
"liquid detergent",153.6489,"Good"
"chicken cutlet",0,"261"
"yogurt juice",20.74998,"Good"
"vanilla cake bar",55.39516,"Good"
"misua",84.36961,"Good"
"whole grain oats",114.3464,"Good"
"cotton buds",150.9839,"Good"
"dishwashing liquid",174.14,"Good"
"milk tea",0,"262"
"pet shampoo",37.75647,"Good"
"mosquito net",64.39911,"Good"
"air freshener",91.71259,"Good"
"chicken spread",128.3558,"Good"
"caramel latte mix",148.8457,"Good"
"cloves",170.3329,"Good"
"cotton buds",0,"263"
"blueberries",21.42166,"Good"
"baby wipes",55.39611,"Good"
"muffin",97.70604,"Good"
"hazelnut with cocoa spread",112.3485,"Good"
"cheddar spread",130.3288,"Good"
"yogurt juice",0,"264"
"choco pie",25.7576,"Good"
"tacchino",64.39698,"Good"
"bell pepper",81.37723,"Good"
"deodorant",127.0202,"Good"
"deodorant",0,"265"
"chicken spread",43.42735,"Good"
"whole grain oats",66.40231,"Good"
"canned ham",84.38301,"Good"
"bell pepper",109.6912,"Good"
"breakfast cereal",0,"266"
"liquid detergent",26.42428,"Good"
"cotton buds",47.40696,"Good"
"pain relief oil",63.05004,"Good"
"seaweed",95.36176,"Good"
"nori",117.6755,"Good"
"nori",0,"267"
"potato chips",21.75149,"Good"
"cotton buds",49.3912,"Good"
"canned ham",69.3681,"Good"
"mosquito net",106.0126,"Good"
"deodorant",122.6578,"Good"
"chicken cutlet",169.7813,"Good"
"pain relief oil",0,"268"
"cheddar spread",29.42649,"Good"
"oyster sauce",53.0686,"Good"
"tacchino",86.04287,"Good"
"seaweed",113.6872,"Good"
"rejuvenating serum",0,"269"
"milk tea",30.7421,"Good"
"hazelnut with cocoa spread",63.71478,"Good"
"prune juice",89.02085,"Good"
"onion",114.6637,"Good"
"chicken cutlet",132.9783,"Good"
"rejuvenating serum",0,"270"
"mayonnaise",34.42279,"Good"
"puto cheese",53.40115,"Good"
"yogurt juice",78.71372,"Good"
"sword pepper",94.69143,"Good"
"blueberries",109.3381,"Good"
"whole grain oats",0,"271"
"baby wipes",36.75571,"Good"
"yogurt juice",68.3959,"Good"
"choco pie",92.04399,"Good"
"ramen",117.6892,"Good"
"canned ham",139.0843,"Good"
"canned ham",0,"272"
"shampoo",21.41635,"Good"
"onion",44.73035,"Good"
"liquid detergent",82.36875,"Good"
"pet shampoo",100.017,"Good"
"cotton buds",0,"273"
"oyster sauce",33.09113,"Good"
"wheat sesame",49.07052,"Good"
"fries",73.71526,"Good"
"watermelon",99.35904,"Good"
"cloves",0,"274"
"blueberries",30.09476,"Good"
"hazelnut with cocoa spread",65.39967,"Good"
"black roast coffee",86.71095,"Good"
"baby wipes",127.3508,"Good"
"wheat sesame",0,"275"
"puto cheese",16.74606,"Good"
"oyster sauce",39.39297,"Good"
"whitening lotion",79.03706,"Good"
"cocoa powder",106.6796,"Good"
"garlic pack",131.6549,"Good"
"chicken cutlet",155.1439,"Good"
"oyster sauce",0,"276"
"mayonnaise",18.74887,"Good"
"mushrooms",39.0484,"Good"
"tacchino",61.35982,"Good"
"air freshener",96.33319,"Good"
"chocolate cake bar",0,"277"
"toilet papers",32.4251,"Good"
"garlic pack",65.06474,"Good"
"imported drinks",88.37921,"Good"
"milk tea",103.3533,"Good"
"cocoa powder",0,"278"
"shampoo",17.74577,"Good"
"nutella",39.71894,"Good"
"mushrooms",60.36798,"Good"
"black roast coffee",78.01118,"Good"
"deodorant",111.9863,"Good"
"facial wash",125.2969,"Good"
"choco pie",0,"279"
"cheddar spread",26.40054,"Good"
"wheat sesame",41.38042,"Good"
"breakfast cereal",59.36142,"Good"
"black roast coffee",76.33598,"Good"
"cloves",96.31558,"Good"
"sword pepper",126.6279,"Good"
"air freshener",0,"280"
"baby wipes",20.75038,"Good"
"oyster sauce",51.72816,"Good"
"mayonnaise",69.70636,"Good"
"seaweed",85.01802,"Good"
"muffin",108.6626,"Good"
"puto cheese",123.9732,"Good"
"imported drinks",0,"281"
"yogurt juice",15.74618,"Good"
"ramen",32.71419,"Good"
"seaweed",48.69099,"Good"
"deodorant",76.33598,"Good"
"rejuvenating serum",92.6475,"Good"
"watermelon",121.9593,"Good"
"garlic pack",0,"282"
"onion",21.08281,"Good"
"choco pie",52.0562,"Good"
"nutella",76.36862,"Good"
"soy milk drink strawberry flavor",100.3455,"Good"
"toilet papers",134.3158,"Good"
"liquid detergent",154.8047,"Good"
"vanilla cake bar",0,"283"
"oyster sauce",24.08323,"Good"
"fries",63.72556,"Good"
"watermelon",96.3686,"Good"
"cotton buds",139.0123,"Good"
"milk tea",178.1641,"Good"
"soy sauce",0,"284"
"muffin",21.75679,"Good"
"black roast coffee",39.06808,"Good"
"caramel latte mix",52.38044,"Good"
"fries",77.02379,"Good"
"choco pie",0,"285"
"prune juice",22.75179,"Good"
"white cheese",55.72648,"Good"
"facial wash",102.0316,"Good"
"pain relief oil",122.0118,"Good"
"white cheese",0,"286"
"rice stick",22.41535,"Good"
"nutella",44.04612,"Good"
"cocoa powder",65.00741,"Good"
"puto cheese",89.98706,"Good"
"muffin",105.2998,"Good"
"mayonnaise",0,"287"
"nutella",15.07733,"Good"
"caramel latte mix",36.39789,"Good"
"pain relief oil",71.03545,"Good"
"facial wash",91.01624,"Good"
"liquid detergent",119.6615,"Good"
"cloves",158.8865,"Good"
"canned ham",0,"288"
"toilet papers",25.42247,"Good"
"dishwashing liquid",43.06789,"Good"
"liquid detergent",57.71012,"Good"
"paper plates",75.3568,"Good"
"chicken cutlet",111.6646,"Good"
"oyster sauce",0,"289"
"misua",18.08581,"Good"
"choco pie",46.06552,"Good"
"fries",85.04018,"Good"
"facial wash",136.0134,"Good"
"deodorant",150.1696,"Good"
"pet shampoo",0,"290"
"dishwashing liquid",17.06797,"Good"
"nutella",45.71417,"Good"
"choco pie",69.02644,"Good"
"chicken cutlet",103.9986,"Good"
"deodorant",0,"291"
"mayonnaise",51.07362,"Good"
"misua",82.71312,"Good"
"rice stick",124.0222,"Good"
"grapes",146.2588,"Good"
"sword pepper",0,"292"
"yogurt juice",18.41814,"Good"
"black roast coffee",46.72624,"Good"
"mayonnaise",67.70679,"Good"
"chicken spread",82.68423,"Good"
"vanilla cake bar",102.6462,"Good"
"rice stick",128.2932,"Good"
"canned ham",0,"293"
"choco pie",20.08041,"Good"
"misua",44.72603,"Good"
"prune juice",65.03976,"Good"
"bell pepper",87.34848,"Good"
"facial wash",126.9888,"Good"
"air freshener",0,"294"
"bell pepper",34.75431,"Good"
"frozen bangus",57.39885,"Good"
"garlic pack",77.37856,"Good"
"cocoa powder",103.3613,"Good"
"breakfast cereal",127.6735,"Good"
"cheddar spread",0,"295"
"vanilla cake bar",21.75569,"Good"
"chicken spread",41.73423,"Good"
"nori",69.38032,"Good"
"blueberries",89.69103,"Good"
"soy milk drink strawberry flavor",0,"296"
"soy sauce",18.74577,"Good"
"puto cheese",39.72969,"Good"
"whole grain oats",59.03786,"Good"
"seaweed",79.01777,"Good"
"chicken cutlet",108.6601,"Good"
"yogurt juice",0,"297"
"oyster sauce",23.08993,"Good"
"frozen bangus",52.40354,"Good"
"liquid detergent",97.71042,"Good"
"baby wipes",124.3571,"Good"
"vanilla cake bar",169.9456,"Good"
"caramel latte mix",189.4339,"Good"
"chicken spread",0,"298"
"mosquito net",41.09413,"Good"
"facial wash",57.39378,"Good"
"shampoo",74.04202,"Good"
"fries",116.3501,"Good"
"white cheese",0,"299"
"prune juice",28.75792,"Good"
"muffin",50.40734,"Good"
"shampoo",82.38375,"Good"
"mushrooms",110.6792,"Good"
"shampoo",0,"300"
"puto cheese",42.75542,"Good"
"cloves",65.38529,"Good"
"blueberries",94.35515,"Good"
"nutella",121.3331,"Good"
"choco pie",0,"301"
"fries",32.42089,"Good"
"blueberries",59.39595,"Good"
"chicken spread",86.70743,"Good"
"hazelnut with cocoa spread",102.3515,"Good"
"caramel latte mix",122.3289,"Good"
"whitening lotion",154.0979,"Good"
"canned ham",0,"302"
"toilet papers",29.42299,"Good"
"mosquito net",51.05094,"Good"
"watermelon",85.35887,"Good"
"prune juice",114.0001,"Good"
"hazelnut with cocoa spread",137.6406,"Good"
"shampoo",0,"303"
"rice stick",15.07582,"Good"
"nori",30.05784,"Good"
"facial wash",57.70066,"Good"
"baby wipes",72.01308,"Good"
"paper plates",90.99462,"Good"
"chicken cutlet",130.3005,"Good"
"sword pepper",0,"304"
"tacchino",19.74988,"Good"
"whitening lotion",61.72389,"Good"
"liquid detergent",86.70554,"Good"
"pain relief oil",107.0128,"Good"
"cocoa powder",139.6526,"Good"
"misua",158.1379,"Good"
"cotton buds",0,"305"
"rice stick",16.75277,"Good"
"facial wash",53.73069,"Good"
"baby wipes",68.37452,"Good"
"white cheese",116.0176,"Good"
"fries",138.6581,"Good"
"blueberries",172.1474,"Good"
"cotton buds",0,"306"
"shampoo",19.75388,"Good"
"watermelon",49.73249,"Good"
"soy sauce",74.37522,"Good"
"mayonnaise",89.68898,"Good"
"muffin",113.0015,"Good"
"chicken spread",0,"307"
"hazelnut with cocoa spread",16.07899,"Good"
"mosquito net",58.72365,"Good"
"nori",87.36818,"Good"
"grapes",106.0134,"Good"
"fries",129.9962,"Good"
"watermelon",154.818,"Good"
"chicken spread",0,"308"
"oyster sauce",22.42056,"Good"
"pet shampoo",54.72672,"Good"
"deodorant",76.04029,"Good"
"mushrooms",105.3532,"Good"
"cloves",126.668,"Good"
"bell pepper",145.4405,"Good"
"nori",0,"309"
"ramen",25.756,"Good"
"puto cheese",49.73163,"Good"
"vanilla cake bar",64.70609,"Good"
"baby wipes",113.0074,"Good"
"puto cheese",0,"310"
"whole grain oats",18.74957,"Good"
"prune juice",34.0589,"Good"
"shampoo",56.37062,"Good"
"watermelon",87.34678,"Good"
"soy sauce",0,"311"
"imported drinks",24.40443,"Good"
"canned ham",47.38402,"Good"
"cocoa powder",74.02905,"Good"
"prune juice",101.0069,"Good"
"rejuvenating serum",134.6471,"Good"
"chicken cutlet",0,"312"
"bell pepper",21.75729,"Good"
"rice stick",47.06589,"Good"
"choco pie",73.37891,"Good"
"cheddar spread",99.68623,"Good"
"soy milk drink strawberry flavor",123.3363,"Good"
"chicken spread",146.5163,"Good"
"watermelon",0,"313"
"cloves",29.40525,"Good"
"cheddar spread",46.05402,"Good"
"soy sauce",69.03028,"Good"
"ramen",84.67667,"Good"
"black roast coffee",0,"314"
"puto cheese",15.4065,"Good"
"shampoo",44.72343,"Good"
"frozen bangus",83.6951,"Good"
"seaweed",117.337,"Good"
"canned ham",133.7217,"Good"
"dishwashing liquid",0,"315"
"rejuvenating serum",20.75088,"Good"
"oyster sauce",50.71396,"Good"
"chocolate cake bar",72.68546,"Good"
"blueberries",88.99687,"Good"
"wheat sesame",112.9746,"Good"
"hazelnut with cocoa spread",132.2854,"Good"
"baby wipes",0,"316"
"whitening lotion",14.41028,"Good"
"rejuvenating serum",30.06829,"Good"
"oyster sauce",74.69281,"Good"
"soy sauce",91.33875,"Good"
"blueberries",135.3094,"Good"
"vanilla cake bar",0,"317"
"facial wash",38.06867,"Good"
"rejuvenating serum",54.04727,"Good"
"canned ham",83.35985,"Good"
"nutella",98.67091,"Good"
"cheddar spread",0,"318"
"choco pie",24.42357,"Good"
"paper plates",52.4008,"Good"
"grapes",88.03739,"Good"
"sword pepper",106.0197,"Good"
"puto cheese",0,"319"
"ramen",22.41525,"Good"
"nori",46.39409,"Good"
"rice stick",62.04188,"Good"
"frozen bangus",94.35311,"Good"
"sword pepper",125.6572,"Good"
"deodorant",163.6784,"Good"
"yogurt juice",0,"320"
"nori",20.75098,"Good"
"pet shampoo",53.06215,"Good"
"liquid detergent",69.70889,"Good"
"baby wipes",93.33451,"Good"
"whole grain oats",0,"321"
"chicken spread",22.75329,"Good"
"toilet papers",57.72179,"Good"
"onion",94.36382,"Good"
"white cheese",114.0118,"Good"
"canned ham",142.3056,"Good"
"milk tea",165.792,"Good"
"pain relief oil",0,"322"
"pet shampoo",19.08301,"Good"
"mushrooms",45.73009,"Good"
"seaweed",65.04076,"Good"
"sword pepper",94.68274,"Good"
"puto cheese",0,"323"
"nori",23.42617,"Good"
"cotton buds",41.07249,"Good"
"blueberries",61.71973,"Good"
"pain relief oil",93.69403,"Good"
"ramen",0,"324"
"deodorant",28.75642,"Good"
"dishwashing liquid",54.73707,"Good"
"blueberries",95.37321,"Good"
"chicken cutlet",121.6858,"Good"
"prune juice",152.072,"Good"
"hazelnut with cocoa spread",177.2248,"Good"
"deodorant",0,"325"
"hazelnut with cocoa spread",46.75782,"Good"
"wheat sesame",67.40275,"Good"
"milk tea",90.71411,"Good"
"chicken cutlet",119.6909,"Good"
"cloves",143.5944,"Good"
"onion",0,"326"
"pet shampoo",33.42334,"Good"
"rejuvenating serum",53.07042,"Good"
"nori",79.71336,"Good"
"soy sauce",97.36215,"Good"
"oyster sauce",112.3396,"Good"
"nutella",130.983,"Good"
"air freshener",0,"327"
"deodorant",22.41285,"Good"
"soy sauce",53.72586,"Good"
"rice stick",68.7021,"Good"
"fries",95.67786,"Good"
"watermelon",119.6576,"Good"
"cayenne pepper",143.8921,"Good"
"chocolate cake bar",0,"328"
"milk tea",16.74757,"Good"
"soy milk drink strawberry flavor",43.06426,"Good"
"muffin",61.04156,"Good"
"baby wipes",100.3473,"Good"
"baby wipes",0,"329"
"rejuvenating serum",15.72936,"Good"
"blueberries",45.04665,"Good"
"grapes",58.35682,"Good"
"cayenne pepper",83.66979,"Good"
"rejuvenating serum",0,"330"
"air freshener",20.08561,"Good"
"baby wipes",42.06491,"Good"
"mushrooms",74.03992,"Good"
"choco pie",92.68256,"Good"
"mayonnaise",115.6615,"Good"
"onion",142.6389,"Good"
"sword pepper",0,"331"
"caramel latte mix",30.42479,"Good"
"misua",62.04636,"Good"
"paper plates",99.35255,"Good"
"air freshener",117.0017,"Good"
"mosquito net",143.6996,"Good"
"imported drinks",177.8488,"Good"
"pet shampoo",0,"332"
"white cheese",43.09063,"Good"
"yogurt juice",58.06667,"Good"
"grapes",74.7119,"Good"
"mushrooms",96.01947,"Good"
"imported drinks",111.6658,"Good"
"breakfast cereal",133.9797,"Good"
"oyster sauce",0,"333"
"imported drinks",31.09066,"Good"
"nori",46.06684,"Good"
"canned ham",67.71432,"Good"
"facial wash",99.0203,"Good"
"soy sauce",0,"334"
"prune juice",21.75569,"Good"
"oyster sauce",44.06824,"Good"
"chicken cutlet",77.04239,"Good"
"choco pie",107.0243,"Good"
"nutella",128.0027,"Good"
"whitening lotion",155.1601,"Good"
"facial wash",0,"335"
"pet shampoo",21.75439,"Good"
"liquid detergent",38.39765,"Good"
"nutella",64.70568,"Good"
"fries",94.01675,"Good"
"ramen",0,"336"
"misua",23.08783,"Good"
"mayonnaise",48.39973,"Good"
"whole grain oats",71.37989,"Good"
"wheat sesame",91.3576,"Good"
"cloves",110.0064,"Good"
"frozen bangus",131.3137,"Good"
"chocolate cake bar",0,"337"
"chicken spread",18.41483,"Good"
"cotton buds",53.39207,"Good"
"onion",89.6976,"Good"
"cloves",109.3433,"Good"
"sword pepper",137.3211,"Good"
"canned ham",166.8103,"Good"
"puto cheese",0,"338"
"chocolate cake bar",15.07743,"Good"
"toilet papers",46.39131,"Good"
"nori",77.36436,"Good"
"garlic pack",101.0083,"Good"
"onion",119.6592,"Good"
"onion",0,"339"
"deodorant",41.75927,"Good"
"mosquito net",57.73897,"Good"
"air freshener",83.05134,"Good"
"cotton buds",101.6931,"Good"
"rice stick",136.6691,"Good"
"ramen",159.1621,"Good"
"nori",0,"340"
"rice stick",15.07703,"Good"
"dishwashing liquid",44.72793,"Good"
"facial wash",68.71304,"Good"
"bell pepper",108.0179,"Good"
"cocoa powder",0,"341"
"mayonnaise",19.75008,"Good"
"hazelnut with cocoa spread",45.06466,"Good"
"black roast coffee",63.709,"Good"
"chicken cutlet",87.02487,"Good"
"air freshener",0,"342"
"grapes",34.4273,"Good"
"caramel latte mix",57.74147,"Good"
"misua",85.71837,"Good"
"black roast coffee",113.0311,"Good"
"nutella",132.3448,"Good"
"choco pie",155.1647,"Good"
"mayonnaise",0,"343"
"deodorant",47.09353,"Good"
"dishwashing liquid",74.40311,"Good"
"mosquito net",103.7171,"Good"
"yogurt juice",145.6885,"Good"
"bell pepper",163.1791,"Good"
"garlic pack",196.6461,"Good"
"fries",0,"344"
"yogurt juice",22.41936,"Good"
"imported drinks",44.40369,"Good"
"potato chips",66.7156,"Good"
"pain relief oil",93.35824,"Good"
"rejuvenating serum",109.0067,"Good"
"liquid detergent",131.6551,"Good"
"shampoo",0,"345"
"liquid detergent",23.08172,"Good"
"toilet papers",40.71299,"Good"
"potato chips",68.35508,"Good"
"cayenne pepper",95.33334,"Good"
"watermelon",117.9787,"Good"
"breakfast cereal",142.085,"Good"
"cotton buds",0,"346"
"misua",16.07919,"Good"
"choco pie",41.06326,"Good"
"nutella",64.37553,"Good"
"rejuvenating serum",93.02296,"Good"
"chicken cutlet",133.664,"Good"
"frozen bangus",154.4923,"Good"
"white cheese",0,"347"
"watermelon",18.08541,"Good"
"frozen bangus",44.73314,"Good"
"paper plates",82.36964,"Good"
"shampoo",99.34949,"Good"
"seaweed",126.3226,"Good"
"shampoo",0,"348"
"liquid detergent",15.74428,"Good"
"sword pepper",55.39558,"Good"
"cloves",84.04263,"Good"
"chicken spread",100.3548,"Good"
"nutella",0,"349"
"fries",29.42128,"Good"
"breakfast cereal",56.06626,"Good"
"vanilla cake bar",75.70855,"Good"
"dishwashing liquid",105.0216,"Good"
"paper plates",0,"350"
"cotton buds",15.4113,"Good"
"sword pepper",51.72479,"Good"
"yogurt juice",68.70625,"Good"
"oyster sauce",91.35308,"Good"
"whitening lotion",0,"351"
"toilet papers",19.75378,"Good"
"oyster sauce",54.72885,"Good"
"soy sauce",70.04192,"Good"
"wheat sesame",95.684,"Good"
"yogurt juice",118.3294,"Good"
"chocolate cake bar",0,"352"
"rice stick",18.74907,"Good"
"air freshener",47.73229,"Good"
"pain relief oil",65.04456,"Good"
"whitening lotion",82.00684,"Good"
"deodorant",96.31576,"Good"
"watermelon",126.296,"Good"
"chicken cutlet",0,"353"
"blueberries",27.07751,"Good"
"prune juice",57.72099,"Good"
"breakfast cereal",69.36696,"Good"
"pain relief oil",100.3398,"Good"
"dishwashing liquid",120.984,"Good"
"deodorant",147.9878,"Good"
"rice stick",0,"354"
"canned ham",20.41755,"Good"
"milk tea",44.06568,"Good"
"rejuvenating serum",73.04383,"Good"
"cheddar spread",110.3491,"Good"
"pain relief oil",0,"355"
"dishwashing liquid",18.41443,"Good"
"cocoa powder",49.06446,"Good"
"grapes",64.70395,"Good"
"blueberries",77.99765,"Good"
"pain relief oil",0,"356"
"toilet papers",16.41223,"Good"
"nori",48.04116,"Good"
"canned ham",69.68714,"Good"
"chicken cutlet",96.32928,"Good"
"mayonnaise",0,"357"
"mosquito net",29.75812,"Good"
"deodorant",45.73627,"Good"
"pain relief oil",64.38061,"Good"
"liquid detergent",84.02899,"Good"
"whitening lotion",0,"358"
"ramen",25.755,"Good"
"mushrooms",47.40463,"Good"
"misua",62.37938,"Good"
"black roast coffee",83.02392,"Good"
"air freshener",0,"359"
"soy sauce",25.42117,"Good"
"oyster sauce",42.40126,"Good"
"garlic pack",61.0477,"Good"
"watermelon",84.35997,"Good"
"hazelnut with cocoa spread",111.668,"Good"
"canned ham",0,"360"
"yogurt juice",26.75621,"Good"
"cotton buds",47.73739,"Good"
"whitening lotion",85.7115,"Good"
"liquid detergent",111.3577,"Good"
"paper plates",131.3374,"Good"
"prune juice",163.1561,"Good"
"shampoo",0,"361"
"paper plates",21.42025,"Good"
"misua",54.06154,"Good"
"ramen",87.36901,"Good"
"frozen bangus",120.0106,"Good"
"cotton buds",0,"362"
"facial wash",19.08371,"Good"
"cheddar spread",59.7206,"Good"
"caramel latte mix",76.69836,"Good"
"cocoa powder",101.3455,"Good"
"rejuvenating serum",0,"363"
"paper plates",21.42376,"Good"
"potato chips",56.06493,"Good"
"mayonnaise",78.71076,"Good"
"ramen",93.66885,"Good"
"blueberries",122.9796,"Good"
"hazelnut with cocoa spread",0,"364"
"chicken spread",16.0801,"Good"
"muffin",33.72979,"Good"
"chocolate cake bar",48.37833,"Good"
"grapes",76.02292,"Good"
"cayenne pepper",100.6688,"Good"
"pet shampoo",133.6415,"Good"
"cayenne pepper",0,"365"
"cheddar spread",15.4121,"Good"
"breakfast cereal",34.39851,"Good"
"black roast coffee",50.71063,"Good"
"whitening lotion",83.02156,"Good"
"imported drinks",111.3319,"Good"
"seaweed",132.9735,"Good"
"yogurt juice",0,"366"
"nori",15.74808,"Good"
"watermelon",35.39656,"Good"
"cloves",62.70804,"Good"
"muffin",86.02631,"Good"
"rejuvenating serum",129.3301,"Good"
"soy sauce",0,"367"
"cloves",23.75179,"Good"
"imported drinks",49.73264,"Good"
"mushrooms",65.37923,"Good"
"pain relief oil",98.99936,"Good"
"pet shampoo",0,"368"
"toilet papers",16.41142,"Good"
"yogurt juice",52.72625,"Good"
"onion",73.36938,"Good"
"choco pie",100.3548,"Good"
"ramen",119.9986,"Good"
"chicken spread",146.5886,"Good"
"mayonnaise",0,"369"
"potato chips",20.41334,"Good"
"whitening lotion",43.72786,"Good"
"pet shampoo",64.70951,"Good"
"toilet papers",80.68641,"Good"
"puto cheese",0,"370"
"soy sauce",21.08582,"Good"
"cheddar spread",40.73153,"Good"
"vanilla cake bar",59.71428,"Good"
"prune juice",78.69274,"Good"
"mosquito net",110.331,"Good"
"onion",147.6413,"Good"
"oyster sauce",0,"371"
"soy sauce",15.08053,"Good"
"soy milk drink strawberry flavor",35.06779,"Good"
"mayonnaise",57.71562,"Good"
"cocoa powder",87.36002,"Good"
"canned ham",113.6711,"Good"
"mushrooms",128.65,"Good"
"caramel latte mix",0,"372"
"nutella",19.41774,"Good"
"canned ham",34.72913,"Good"
"dishwashing liquid",59.37427,"Good"
"white cheese",97.34727,"Good"
"white cheese",0,"373"
"choco pie",37.75837,"Good"
"shampoo",66.73563,"Good"
"breakfast cereal",89.37617,"Good"
"soy milk drink strawberry flavor",107.0219,"Good"
"nutella",0,"374"
"oyster sauce",20.08091,"Good"
"grapes",42.72743,"Good"
"muffin",73.36898,"Good"
"wheat sesame",93.6812,"Good"
"black roast coffee",108.9933,"Good"
"soy milk drink strawberry flavor",0,"375"
"misua",21.41985,"Good"
"rejuvenating serum",54.72496,"Good"
"frozen bangus",94.69727,"Good"
"onion",114.012,"Good"
"yogurt juice",134.3269,"Good"
"nutella",161.482,"Good"
"caramel latte mix",0,"376"
"paper plates",28.09255,"Good"
"toilet papers",41.40394,"Good"
"cotton buds",56.7158,"Good"
"liquid detergent",76.36229,"Good"
"garlic pack",107.673,"Good"
"cocoa powder",132.6509,"Good"
"deodorant",0,"377"
"nori",28.08795,"Good"
"seaweed",48.4015,"Good"
"wheat sesame",69.71356,"Good"
"prune juice",87.02023,"Good"
"cayenne pepper",107.996,"Good"
"misua",0,"378"
"milk tea",35.08963,"Good"
"liquid detergent",66.06539,"Good"
"mosquito net",91.70747,"Good"
"paper plates",112.3554,"Good"
"baby wipes",130.667,"Good"
"grapes",162.4852,"Good"
"tacchino",0,"379"
"misua",22.08942,"Good"
"liquid detergent",49.40023,"Good"
"mosquito net",73.37834,"Good"
"hazelnut with cocoa spread",112.0178,"Good"
"cloves",0,"380"
"baby wipes",36.76062,"Good"
"pain relief oil",54.38493,"Good"
"dishwashing liquid",72.68469,"Good"
"caramel latte mix",96.6587,"Good"
"mushrooms",111.9714,"Good"
"blueberries",0,"381"
"garlic pack",24.75129,"Good"
"seaweed",48.73164,"Good"
"wheat sesame",68.70724,"Good"
"black roast coffee",83.33952,"Good"
"baby wipes",115.3155,"Good"
"pet shampoo",135.9616,"Good"
"watermelon",0,"382"
"onion",27.42848,"Good"
"choco pie",59.06861,"Good"
"oyster sauce",82.37759,"Good"
"potato chips",107.6915,"Good"
"wheat sesame",134.9984,"Good"
"pain relief oil",0,"383"
"whitening lotion",17.06207,"Good"
"breakfast cereal",46.70713,"Good"
"muffin",67.02655,"Good"
"imported drinks",91.67098,"Good"
"nori",106.6434,"Good"
"mushrooms",0,"384"
"cotton buds",15.07763,"Good"
"whitening lotion",45.06283,"Good"
"baby wipes",59.37235,"Good"
"frozen bangus",100.9938,"Good"
"whole grain oats",0,"385"
"prune juice",15.4108,"Good"
"wheat sesame",33.72608,"Good"
"sword pepper",63.03545,"Good"
"cocoa powder",83.00996,"Good"
"toilet papers",120.6491,"Good"
"imported drinks",0,"386"
"rejuvenating serum",30.4291,"Good"
"deodorant",47.07327,"Good"
"grapes",80.38514,"Good"
"cheddar spread",107.3642,"Good"
"hazelnut with cocoa spread",125.6763,"Good"
"toilet papers",0,"387"
"cloves",37.76086,"Good"
"soy sauce",61.40715,"Good"
"wheat sesame",81.72077,"Good"
"chocolate cake bar",101.0342,"Good"
"nori",128.346,"Good"
"liquid detergent",0,"388"
"facial wash",25.08823,"Good"
"whitening lotion",39.73489,"Good"
"mushrooms",70.71046,"Good"
"bell pepper",93.33782,"Good"
"chicken cutlet",0,"389"
"canned ham",26.75531,"Good"
"mosquito net",57.71453,"Good"
"pain relief oil",77.35361,"Good"
"liquid detergent",96.33067,"Good"
"cotton buds",0,"390"
"fries",39.09053,"Good"
"mushrooms",63.40415,"Good"
"rice stick",78.3802,"Good"
"cocoa powder",95.35724,"Good"
"potato chips",115.001,"Good"
"nutella",0,"391"
"choco pie",23.75349,"Good"
"cocoa powder",48.06335,"Good"
"shampoo",65.71084,"Good"
"dishwashing liquid",99.01732,"Good"
"rejuvenating serum",120.9942,"Good"
"blueberries",0,"392"
"frozen bangus",32.09418,"Good"
"pain relief oil",74.73183,"Good"
"whitening lotion",91.71247,"Good"
"liquid detergent",115.3632,"Good"
"caramel latte mix",0,"393"
"prune juice",15.39438,"Good"
"cotton buds",43.04725,"Good"
"nutella",73.36187,"Good"
"white cheese",102.0028,"Good"
"pain relief oil",0,"394"
"potato chips",27.75711,"Good"
"soy sauce",52.40388,"Good"
"wheat sesame",72.7118,"Good"
"frozen bangus",98.02157,"Good"
"chicken cutlet",119.0015,"Good"
"cayenne pepper",142.8507,"Good"
"soy milk drink strawberry flavor",0,"395"
"chocolate cake bar",18.74957,"Good"
"bell pepper",50.0608,"Good"
"grapes",68.04041,"Good"
"onion",90.68085,"Good"
"blueberries",115.3096,"Good"
"mushrooms",136.6256,"Good"
"pet shampoo",0,"396"
"puto cheese",29.09816,"Good"
"soy milk drink strawberry flavor",49.74352,"Good"
"grapes",77.72042,"Good"
"cloves",101.6959,"Good"
"cayenne pepper",113.3454,"Good"
"imported drinks",0,"397"
"chocolate cake bar",20.06548,"Good"
"mushrooms",43.37866,"Good"
"nori",61.35466,"Good"
"fries",94.99535,"Good"
"onion",114.3082,"Good"
"chocolate cake bar",0,"398"
"misua",25.41706,"Good"
"air freshener",58.06075,"Good"
"baby wipes",80.04116,"Good"
"deodorant",94.35317,"Good"
"seaweed",0,"399"
"milk tea",20.41865,"Good"
"whitening lotion",48.39899,"Good"
"toilet papers",68.71052,"Good"
"pain relief oil",85.69257,"Good"
"breakfast cereal",113.3382,"Good"
"frozen bangus",0,"400"
"tacchino",21.41955,"Good"
"muffin",49.04702,"Good"
"soy milk drink strawberry flavor",66.36249,"Good"
"hazelnut with cocoa spread",84.33898,"Good"
"whitening lotion",120.3158,"Good"
"breakfast cereal",0,"401"
"liquid detergent",23.7542,"Good"
"ramen",49.0623,"Good"
"nutella",64.37707,"Good"
"seaweed",79.68903,"Good"
"potato chips",99.33151,"Good"
"tacchino",127.6457,"Good"
"liquid detergent",0,"402"
"potato chips",30.42789,"Good"
"rice stick",54.73685,"Good"
"wheat sesame",74.38373,"Good"
"muffin",94.36013,"Good"
"choco pie",0,"403"
"nori",25.42027,"Good"
"mushrooms",43.06839,"Good"
"fries",72.71227,"Good"
"watermelon",100.3602,"Good"
"chicken spread",129.0022,"Good"
"paper plates",169.4841,"Good"
"fries",0,"404"
"chicken cutlet",16.41173,"Good"
"whole grain oats",46.72364,"Good"
"cheddar spread",67.36817,"Good"
"toilet papers",101.6802,"Good"
"black roast coffee",0,"405"
"hazelnut with cocoa spread",20.42005,"Good"
"chocolate cake bar",36.39869,"Good"
"wheat sesame",55.71516,"Good"
"pet shampoo",87.01963,"Good"
"shampoo",0,"406"
"whitening lotion",17.41403,"Good"
"whole grain oats",55.05796,"Good"
"caramel latte mix",72.36873,"Good"
"cloves",93.01546,"Good"
"wheat sesame",0,"407"
"cloves",18.0823,"Good"
"frozen bangus",38.73224,"Good"
"watermelon",70.37354,"Good"
"liquid detergent",109.6788,"Good"
"oyster sauce",0,"408"
"chocolate cake bar",23.42056,"Good"
"milk tea",40.40095,"Good"
"ramen",59.02592,"Good"
"liquid detergent",92.33479,"Good"
"vanilla cake bar",125.31,"Good"
"cloves",149.6637,"Good"
"soy milk drink strawberry flavor",0,"409"
"yogurt juice",32.09148,"Good"
"sword pepper",50.73711,"Good"
"shampoo",74.71601,"Good"
"rejuvenating serum",108.3583,"Good"
"baby wipes",0,"410"
"deodorant",14.41328,"Good"
"soy milk drink strawberry flavor",57.06577,"Good"
"cheddar spread",82.37573,"Good"
"prune juice",103.3536,"Good"
"bell pepper",127.6653,"Good"
"chicken spread",0,"411"
"bell pepper",20.41564,"Good"
"white cheese",40.7285,"Good"
"seaweed",70.03708,"Good"
"mushrooms",91.68666,"Good"
"toilet papers",121.9984,"Good"
"yogurt juice",0,"412"
"mayonnaise",19.74948,"Good"
"oyster sauce",38.73203,"Good"
"cheddar spread",56.0453,"Good"
"whole grain oats",75.34101,"Good"
"air freshener",99.32201,"Good"
"blueberries",132.6309,"Good"
"cocoa powder",0,"413"
"misua",16.41723,"Good"
"tacchino",38.39862,"Good"
"white cheese",52.71463,"Good"
"grapes",70.029,"Good"
"mosquito net",100.3395,"Good"
"whitening lotion",117.6493,"Good"
"misua",0,"414"
"wheat sesame",33.42384,"Good"
"tacchino",58.73502,"Good"
"garlic pack",85.04414,"Good"
"chicken cutlet",109.0202,"Good"
"potato chips",145.9947,"Good"
"soy sauce",0,"415"
"vanilla cake bar",23.756,"Good"
"cotton buds",59.39603,"Good"
"yogurt juice",91.03793,"Good"
"grapes",108.0183,"Good"
"hazelnut with cocoa spread",0,"416"
"soy sauce",20.75499,"Good"
"milk tea",54.73043,"Good"
"baby wipes",84.37352,"Good"
"dishwashing liquid",108.6877,"Good"
"cloves",0,"417"
"air freshener",34.75681,"Good"
"rejuvenating serum",55.06604,"Good"
"hazelnut with cocoa spread",97.04225,"Good"
"prune juice",120.3553,"Good"
"grapes",0,"418"
"mayonnaise",27.42108,"Good"
"pain relief oil",61.71398,"Good"
"liquid detergent",82.69714,"Good"
"cheddar spread",116.3385,"Good"
"dishwashing liquid",0,"419"
"deodorant",24.40463,"Good"
"prune juice",57.04582,"Good"
"wheat sesame",74.69151,"Good"
"seaweed",96.67061,"Good"
"choco pie",119.984,"Good"
"potato chips",135.5726,"Good"
"yogurt juice",0,"420"
"watermelon",18.0824,"Good"
"shampoo",37.39987,"Good"
"soy sauce",55.04634,"Good"
"black roast coffee",72.68993,"Good"
"white cheese",0,"421"
"cayenne pepper",24.40113,"Good"
"garlic pack",36.06791,"Good"
"vanilla cake bar",58.04291,"Good"
"seaweed",82.01962,"Good"
"pain relief oil",0,"422"
"breakfast cereal",26.09074,"Good"
"yogurt juice",50.40379,"Good"
"white cheese",66.3877,"Good"
"imported drinks",88.69832,"Good"
"air freshener",0,"423"
"paper plates",16.74837,"Good"
"garlic pack",50.05561,"Good"
"nutella",74.03602,"Good"
"nori",95.68271,"Good"
"chicken spread",120.6579,"Good"
"soy milk drink strawberry flavor",141.9683,"Good"
"milk tea",0,"424"
"choco pie",22.42236,"Good"
"white cheese",54.3952,"Good"
"watermelon",74.3725,"Good"
"whitening lotion",105.0168,"Good"
"nori",0,"425"
"choco pie",21.75789,"Good"
"soy sauce",42.06485,"Good"
"rice stick",62.05004,"Good"
"black roast coffee",81.02679,"Good"
"rejuvenating serum",110.6667,"Good"
"facial wash",125.9596,"Good"
"misua",0,"426"
"wheat sesame",27.42888,"Good"
"garlic pack",43.40891,"Good"
"tacchino",66.72368,"Good"
"watermelon",84.70128,"Good"
"paper plates",118.0087,"Good"
"sword pepper",0,"427"
"shampoo",21.41505,"Good"
"paper plates",54.06014,"Good"
"whole grain oats",81.70593,"Good"
"muffin",102.0197,"Good"
"prune juice",123.3344,"Good"
"air freshener",0,"428"
"sword pepper",45.42285,"Good"
"white cheese",64.07808,"Good"
"cheddar spread",92.36774,"Good"
"hazelnut with cocoa spread",111.3474,"Good"
"soy milk drink strawberry flavor",131.3266,"Good"
"rice stick",158.1507,"Good"
"dishwashing liquid",0,"429"
"nori",30.09356,"Good"
"milk tea",43.40616,"Good"
"soy sauce",66.0526,"Good"
"watermelon",90.69574,"Good"
"rejuvenating serum",0,"430"
"nutella",30.75883,"Good"
"rice stick",54.40274,"Good"
"imported drinks",69.379,"Good"
"canned ham",91.02638,"Good"
"cayenne pepper",113.6711,"Good"
"rice stick",0,"431"
"cocoa powder",18.41534,"Good"
"yogurt juice",31.73242,"Good"
"white cheese",57.38006,"Good"
"toilet papers",106.0173,"Good"
"pain relief oil",123.6675,"Good"
"whole grain oats",0,"432"
"cayenne pepper",21.42105,"Good"
"sword pepper",48.73337,"Good"
"paper plates",85.70643,"Good"
"imported drinks",117.3463,"Good"
"pain relief oil",0,"433"
"muffin",32.42849,"Good"
"mayonnaise",49.07492,"Good"
"chicken spread",64.05328,"Good"
"cayenne pepper",79.69747,"Good"
"seaweed",103.679,"Good"
"toilet papers",0,"434"
"pet shampoo",17.0808,"Good"
"air freshener",30.39299,"Good"
"ramen",63.70381,"Good"
"garlic pack",92.68287,"Good"
"bell pepper",111.9933,"Good"
"hazelnut with cocoa spread",135.9482,"Good"
"baby wipes",0,"435"
"dishwashing liquid",22.75489,"Good"
"black roast coffee",48.73152,"Good"
"soy milk drink strawberry flavor",68.3768,"Good"
"cheddar spread",90.3541,"Good"
"soy sauce",0,"436"
"hazelnut with cocoa spread",23.75189,"Good"
"dishwashing liquid",53.71507,"Good"
"cotton buds",72.35991,"Good"
"canned ham",99.67329,"Good"
"hazelnut with cocoa spread",0,"437"
"cheddar spread",17.3949,"Good"
"liquid detergent",46.3765,"Good"
"deodorant",70.68803,"Good"
"cayenne pepper",108.999,"Good"
"imported drinks",132.3101,"Good"
"breakfast cereal",0,"438"
"milk tea",23.7533,"Good"
"cayenne pepper",50.06924,"Good"
"tacchino",76.05074,"Good"
"pain relief oil",117.0212,"Good"
"canned ham",0,"439"
"mushrooms",15.41371,"Good"
"facial wash",43.39818,"Good"
"onion",79.36779,"Good"
"muffin",103.6785,"Good"
"wheat sesame",0,"440"
"chocolate cake bar",20.08601,"Good"
"yogurt juice",52.72284,"Good"
"sword pepper",72.03741,"Good"
"baby wipes",113.6808,"Good"
"deodorant",127.9924,"Good"
"liquid detergent",157.4827,"Good"
"paper plates",0,"441"
"cheddar spread",30.42789,"Good"
"oyster sauce",54.73625,"Good"
"hazelnut with cocoa spread",74.38143,"Good"
"ramen",99.03176,"Good"
"garlic pack",121.68,"Good"
"yogurt juice",0,"442"
"deodorant",31.75342,"Good"
"pain relief oil",51.38168,"Good"
"rejuvenating serum",67.6956,"Good"
"breakfast cereal",101.0023,"Good"
"whole grain oats",0,"443"
"wheat sesame",19.41714,"Good"
"caramel latte mix",34.72574,"Good"
"onion",57.36877,"Good"
"sword pepper",83.01596,"Good"
"fries",109.6579,"Good"
"chicken cutlet",125.9714,"Good"
"misua",0,"444"
"soy milk drink strawberry flavor",26.08904,"Good"
"chicken spread",49.40515,"Good"
"cayenne pepper",65.71436,"Good"
"paper plates",103.6866,"Good"
"whitening lotion",0,"445"
"choco pie",25.08994,"Good"
"sword pepper",52.07053,"Good"
"chicken cutlet",73.38151,"Good"
"prune juice",100.028,"Good"
"breakfast cereal",111.6735,"Good"
"bell pepper",0,"446"
"liquid detergent",42.08528,"Good"
"paper plates",61.06363,"Good"
"imported drinks",95.70558,"Good"
"nori",110.6824,"Good"
"potato chips",131.6606,"Good"
"caramel latte mix",157.1503,"Good"
"rice stick",0,"447"
"nutella",24.42496,"Good"
"frozen bangus",60.40081,"Good"
"garlic pack",82.70892,"Good"
"paper plates",122.0207,"Good"
"mosquito net",145.7672,"Good"
"seaweed",0,"448"
"white cheese",28.41998,"Good"
"watermelon",48.40112,"Good"
"pet shampoo",83.04446,"Good"
"whitening lotion",103.6917,"Good"
"shampoo",0,"449"
"soy sauce",16.74826,"Good"
"chocolate cake bar",37.73149,"Good"
"liquid detergent",72.03752,"Good"
"paper plates",90.35343,"Good"
"fries",0,"450"
"ramen",30.42199,"Good"
"imported drinks",48.40163,"Good"
"facial wash",76.04303,"Good"
"paper plates",95.3557,"Good"
"yogurt juice",0,"451"
"onion",21.42155,"Good"
"paper plates",55.06089,"Good"
"whitening lotion",74.04154,"Good"
"cheddar spread",108.0178,"Good"
"black roast coffee",124.3292,"Good"
"sword pepper",0,"452"
"canned ham",33.76066,"Good"
"vanilla cake bar",56.40409,"Good"
"puto cheese",71.38465,"Good"
"soy milk drink strawberry flavor",93.69308,"Good"
"blueberries",0,"453"
"onion",29.42328,"Good"
"puto cheese",56.06535,"Good"
"ramen",83.71364,"Good"
"dishwashing liquid",118.6837,"Good"
"mosquito net",0,"454"
"imported drinks",32.09208,"Good"
"potato chips",55.07043,"Good"
"milk tea",76.05058,"Good"
"soy sauce",99.69107,"Good"
"cloves",124.6724,"Good"
"chicken cutlet",0,"455"
"onion",17.41173,"Good"
"prune juice",40.39772,"Good"
"whole grain oats",55.37968,"Good"
"nutella",74.68985,"Good"
"facial wash",0,"456"
"oyster sauce",47.42755,"Good"
"canned ham",78.73513,"Good"
"nutella",94.70983,"Good"
"nori",119.0216,"Good"
"cayenne pepper",147.5389,"Good"
"breakfast cereal",0,"457"
"pain relief oil",26.42207,"Good"
"air freshener",44.06718,"Good"
"mosquito net",68.04839,"Good"
"sword pepper",102.0196,"Good"
"white cheese",118.9961,"Good"
"potato chips",148.5103,"Good"
"whole grain oats",0,"458"
"puto cheese",20.75288,"Good"
"toilet papers",56.39032,"Good"
"fries",104.0309,"Good"
"imported drinks",135.6712,"Good"
"milk tea",151.4942,"Good"
"choco pie",176.6489,"Good"
"whitening lotion",0,"459"
"toilet papers",20.08611,"Good"
"chocolate cake bar",55.06217,"Good"
"oyster sauce",76.04212,"Good"
"seaweed",107.0179,"Good"
"cocoa powder",0,"460"
"whitening lotion",26.42197,"Good"
"mosquito net",43.06904,"Good"
"garlic pack",81.04676,"Good"
"watermelon",103.6901,"Good"
"deodorant",0,"461"
"paper plates",19.42025,"Good"
"imported drinks",50.39613,"Good"
"vanilla cake bar",73.37019,"Good"
"black roast coffee",89.35638,"Good"
"soy milk drink strawberry flavor",108.6675,"Good"
"milk tea",0,"462"
"hazelnut with cocoa spread",28.42869,"Good"
"baby wipes",69.71584,"Good"
"air freshener",91.36312,"Good"
"rejuvenating serum",111.3425,"Good"
"breakfast cereal",0,"463"
"puto cheese",17.74286,"Good"
"soy milk drink strawberry flavor",37.72518,"Good"
"watermelon",65.04115,"Good"
"grapes",78.35092,"Good"
"mosquito net",109.6602,"Good"
"cotton buds",0,"464"
"seaweed",30.42779,"Good"
"yogurt juice",50.40283,"Good"
"potato chips",70.04852,"Good"
"sword pepper",94.69196,"Good"
"blueberries",109.6722,"Good"
"cheddar spread",134.649,"Good"
"mosquito net",0,"465"
"garlic pack",40.08848,"Good"
"misua",62.73552,"Good"
"chocolate cake bar",80.69076,"Good"
"ramen",97.6694,"Good"
"prune juice",119.9821,"Good"
"hazelnut with cocoa spread",142.569,"Good"
"cayenne pepper",0,"466"
"wheat sesame",16.74857,"Good"
"vanilla cake bar",34.73914,"Good"
"whole grain oats",56.04731,"Good"
"rejuvenating serum",87.02426,"Good"
"canned ham",117.0016,"Good"
"imported drinks",138.3647,"Good"
"blueberries",0,"467"
"grapes",13.41065,"Good"
"bell pepper",32.07636,"Good"
"nori",56.05647,"Good"
"air freshener",91.36365,"Good"
"facial wash",115.3432,"Good"
"soy milk drink strawberry flavor",0,"468"
"black roast coffee",22.08512,"Good"
"chicken spread",42.73059,"Good"
"muffin",61.71104,"Good"
"oyster sauce",83.69165,"Good"
"whitening lotion",131.3269,"Good"
"rejuvenating serum",147.1493,"Good"
"air freshener",0,"469"
"cotton buds",19.08991,"Good"
"milk tea",54.06441,"Good"
"nori",67.37588,"Good"
"vanilla cake bar",96.02132,"Good"
"bell pepper",0,"470"
"chicken cutlet",20.75328,"Good"
"onion",38.06588,"Good"
"cotton buds",57.04163,"Good"
"soy sauce",77.01914,"Good"
"baby wipes",107.666,"Good"
"soy sauce",0,"471"
"rejuvenating serum",36.4228,"Good"
"mushrooms",69.06374,"Good"
"garlic pack",92.38031,"Good"
"bell pepper",125.0209,"Good"
"cayenne pepper",158.3279,"Good"
"baby wipes",0,"472"
"frozen bangus",59.08904,"Good"
"caramel latte mix",89.72968,"Good"
"soy milk drink strawberry flavor",111.0418,"Good"
"cheddar spread",137.683,"Good"
"whitening lotion",0,"473"
"nori",29.09255,"Good"
"canned ham",51.40591,"Good"
"prune juice",67.71493,"Good"
"wheat sesame",85.36061,"Good"
"soy milk drink strawberry flavor",106.6802,"Good"
"toilet papers",0,"474"
"mosquito net",20.41714,"Good"
"pain relief oil",40.39857,"Good"
"chocolate cake bar",72.68704,"Good"
"chicken cutlet",100.3317,"Good"
"imported drinks",0,"475"
"mayonnaise",21.08902,"Good"
"oyster sauce",40.07001,"Good"
"paper plates",66.70825,"Good"
"garlic pack",98.34864,"Good"
"cayenne pepper",109.9964,"Good"
"whole grain oats",131.9726,"Good"
"whitening lotion",0,"476"
"potato chips",27.08944,"Good"
"choco pie",43.06537,"Good"
"nori",68.70966,"Good"
"cloves",99.02287,"Good"
"white cheese",128.9962,"Good"
"white cheese",0,"477"
"nutella",30.42609,"Good"
"choco pie",52.73674,"Good"
"vanilla cake bar",78.37813,"Good"
"pain relief oil",111.0188,"Good"
"soy sauce",0,"478"
"potato chips",27.75741,"Good"
"shampoo",54.06707,"Good"
"toilet papers",92.03728,"Good"
"baby wipes",111.6838,"Good"
"ramen",0,"479"
"canned ham",19.75057,"Good"
"oyster sauce",35.72668,"Good"
"hazelnut with cocoa spread",57.70308,"Good"
"bell pepper",80.34922,"Good"
"rejuvenating serum",115.9892,"Good"
"facial wash",131.9661,"Good"
"sword pepper",0,"480"
"grapes",18.07489,"Good"
"misua",54.05101,"Good"
"wheat sesame",82.69485,"Good"
"prune juice",99.33939,"Good"
"nori",120.3196,"Good"
"misua",0,"481"
"vanilla cake bar",24.7575,"Good"
"pet shampoo",56.06362,"Good"
"baby wipes",77.70731,"Good"
"bell pepper",117.3448,"Good"
"blueberries",141.066,"Good"
"imported drinks",161.2224,"Good"
"hazelnut with cocoa spread",0,"482"
"paper plates",44.09169,"Good"
"whitening lotion",66.40301,"Good"
"deodorant",81.38046,"Good"
"pet shampoo",106.6933,"Good"
"black roast coffee",0,"483"
"dishwashing liquid",29.42289,"Good"
"toilet papers",48.73888,"Good"
"bell pepper",87.71385,"Good"
"chicken cutlet",106.6947,"Good"
"chicken cutlet",0,"484"
"rejuvenating serum",39.75526,"Good"
"imported drinks",68.40041,"Good"
"mayonnaise",90.70943,"Good"
"chocolate cake bar",111.6908,"Good"
"whole grain oats",138.6689,"Good"
"breakfast cereal",154.8279,"Good"
"rejuvenating serum",0,"485"
"whitening lotion",14.74555,"Good"
"chicken spread",49.06207,"Good"
"ramen",71.3725,"Good"
"nutella",86.68736,"Good"
"choco pie",107.6631,"Good"
"fries",137.6418,"Good"
"hazelnut with cocoa spread",0,"486"
"chocolate cake bar",15.4084,"Good"
"cheddar spread",35.72858,"Good"
"nutella",58.043,"Good"
"facial wash",86.68454,"Good"
"chicken cutlet",126.308,"Good"
"white cheese",144.3859,"Good"
"chocolate cake bar",0,"487"
"mushrooms",20.41995,"Good"
"cocoa powder",43.06332,"Good"
"blueberries",59.37134,"Good"
"air freshener",94.01258,"Good"
"deodorant",115.6567,"Good"
"mayonnaise",0,"488"
"choco pie",23.75429,"Good"
"baby wipes",52.06754,"Good"
"caramel latte mix",87.70744,"Good"
"soy milk drink strawberry flavor",107.6868,"Good"
"cotton buds",0,"489"
"black roast coffee",18.0781,"Good"
"chicken spread",36.39672,"Good"
"pain relief oil",68.03681,"Good"
"watermelon",98.01572,"Good"
"ramen",0,"490"
"yogurt juice",17.0825,"Good"
"wheat sesame",40.0655,"Good"
"white cheese",64.0405,"Good"
"onion",83.35616,"Good"
"whitening lotion",122.3241,"Good"
"cayenne pepper",0,"491"
"hazelnut with cocoa spread",18.0823,"Good"
"whole grain oats",39.38313,"Good"
"choco pie",60.69889,"Good"
"milk tea",83.01202,"Good"
"bell pepper",0,"492"
"mayonnaise",24.08413,"Good"
"vanilla cake bar",41.73166,"Good"
"pet shampoo",72.04159,"Good"
"choco pie",98.68512,"Good"
"seaweed",120.9988,"Good"
"breakfast cereal",0,"493"
"oyster sauce",25.75891,"Good"
"puto cheese",50.07257,"Good"
"dishwashing liquid",81.71236,"Good"
"milk tea",117.6864,"Good"
"air freshener",0,"494"
"fries",36.4236,"Good"
"cloves",55.73826,"Good"
"hazelnut with cocoa spread",73.71446,"Good"
"muffin",88.3609,"Good"
"milk tea",113.669,"Good"
"mosquito net",0,"495"
"toilet papers",20.08431,"Good"
"frozen bangus",57.05666,"Good"
"sword pepper",83.03666,"Good"
"chicken cutlet",103.3503,"Good"
"paper plates",0,"496"
"air freshener",16.41242,"Good"
"mushrooms",38.70828,"Good"
"fries",64.01835,"Good"
"chicken cutlet",79.32611,"Good"
"air freshener",0,"497"
"potato chips",35.07322,"Good"
"nori",58.38088,"Good"
"cocoa powder",74.02937,"Good"
"chicken cutlet",103.6759,"Good"
"sword pepper",128.6405,"Good"
"liquid detergent",0,"498"
"vanilla cake bar",32.09158,"Good"
"whole grain oats",54.4005,"Good"
"yogurt juice",83.05043,"Good"
"frozen bangus",111.6924,"Good"
"milk tea",145.987,"Good"
"mushrooms",0,"499"
"sword pepper",27.08844,"Good"
"watermelon",43.06748,"Good"
"pet shampoo",85.03989,"Good"
"whole grain oats",115.0196,"Good"
"vanilla cake bar",137.6611,"Good"
"chocolate cake bar",0,"500"
"vanilla cake bar",13.41195,"Good"
"chicken spread",35.07237,"Good"
"air freshener",72.71657,"Good"
"cocoa powder",112.6927,"Good"
