"mayonnaise",0,"1"
"breakfast cereal",22.77563,"Good"
"liquid detergent",48.43463,"Good"
"pain relief oil",68.76412,"Good"
"fries",112.419,"Good"
"yogurt juice",0,"2"
"potato chips",33.44486,"Good"
"chocolate cake bar",56.44047,"Good"
"deodorant",90.43056,"Good"
"paper plates",112.4267,"Good"
"cloves",0,"3"
"soy sauce",22.77002,"Good"
"mayonnaise",44.43411,"Good"
"hazelnut with cocoa spread",75.75826,"Good"
"breakfast cereal",101.4224,"Good"
"whitening lotion",138.7471,"Good"
"toilet papers",161.5914,"Good"
"toilet papers",0,"4"
"shampoo",16.76059,"Good"
"pain relief oil",32.09177,"Good"
"mayonnaise",67.08389,"Good"
"soy sauce",89.41409,"Good"
"vanilla cake bar",109.7412,"Good"
"breakfast cereal",129.7357,"Good"
"white cheese",0,"5"
"sword pepper",17.09833,"Good"
"mayonnaise",45.76116,"Good"
"whole grain oats",67.75453,"Good"
"mushrooms",83.41689,"Good"
"ramen",99.74477,"Good"
"cheddar spread",0,"6"
"fries",22.76642,"Good"
"bell pepper",47.42607,"Good"
"canned ham",76.41869,"Good"
"mushrooms",94.74918,"Good"
"oyster sauce",0,"7"
"cocoa powder",21.43588,"Good"
"shampoo",38.76366,"Good"
"rice stick",54.0924,"Good"
"milk tea",69.41973,"Good"
"watermelon",87.74712,"Good"
"dishwashing liquid",124.4058,"Good"
"fries",0,"8"
"bell pepper",19.43157,"Good"
"toilet papers",59.42714,"Good"
"pet shampoo",76.08744,"Good"
"shampoo",91.08086,"Good"
"nori",0,"9"
"rice stick",15.43053,"Good"
"mushrooms",35.42974,"Good"
"garlic pack",57.0908,"Good"
"grapes",81.7511,"Good"
"sword pepper",100.4129,"Good"
"soy sauce",0,"10"
"chicken cutlet",25.76893,"Good"
"yogurt juice",45.43152,"Good"
"grapes",62.42485,"Good"
"garlic pack",89.08366,"Good"
"baby wipes",135.0756,"Good"
"canned ham",172.9133,"Good"
"dishwashing liquid",0,"11"
"pet shampoo",16.43336,"Good"
"air freshener",29.76142,"Good"
"paper plates",47.75757,"Good"
"rejuvenating serum",67.41812,"Good"
"wheat sesame",99.74611,"Good"
"whole grain oats",118.0773,"Good"
"whole grain oats",0,"12"
"chicken spread",20.76551,"Good"
"prune juice",40.43299,"Good"
"oyster sauce",62.42187,"Good"
"paper plates",95.74781,"Good"
"fries",132.7436,"Good"
"blueberries",159.5798,"Good"
"cotton buds",0,"13"
"shampoo",15.42833,"Good"
"black roast coffee",34.76361,"Good"
"cheddar spread",51.08809,"Good"
"wheat sesame",66.41703,"Good"
"dishwashing liquid",92.07389,"Good"
"facial wash",0,"14"
"nori",33.11394,"Good"
"black roast coffee",57.77264,"Good"
"breakfast cereal",75.10058,"Good"
"hazelnut with cocoa spread",101.095,"Good"
"chicken spread",118.0883,"Good"
"grapes",0,"15"
"yogurt juice",17.7655,"Good"
"hazelnut with cocoa spread",48.7616,"Good"
"baby wipes",94.08575,"Good"
"air freshener",117.0851,"Good"
"potato chips",148.1392,"Good"
"toilet papers",0,"16"
"soy milk drink strawberry flavor",32.10899,"Good"
"soy sauce",51.43363,"Good"
"onion",82.42336,"Good"
"cloves",102.4178,"Good"
"chicken cutlet",124.4167,"Good"
"toilet papers",0,"17"
"black roast coffee",33.10904,"Good"
"puto cheese",48.43978,"Good"
"soy sauce",71.76331,"Good"
"cheddar spread",99.09274,"Good"
"yogurt juice",125.7563,"Good"
"dishwashing liquid",0,"18"
"misua",27.77615,"Good"
"choco pie",50.43709,"Good"
"sword pepper",76.76778,"Good"
"prune juice",104.0986,"Good"
"yogurt juice",0,"19"
"whole grain oats",28.10828,"Good"
"mayonnaise",51.10062,"Good"
"paper plates",85.76313,"Good"
"pet shampoo",102.4208,"Good"
"mushrooms",126.7506,"Good"
"misua",0,"20"
"nori",36.10769,"Good"
"imported drinks",51.43332,"Good"
"sword pepper",73.4305,"Good"
"whitening lotion",106.0876,"Good"
"mosquito net",123.7512,"Good"
"bell pepper",0,"21"
"sword pepper",15.42842,"Good"
"mushrooms",39.42744,"Good"
"ramen",61.41771,"Good"
"cocoa powder",79.7428,"Good"
"onion",0,"22"
"misua",21.76601,"Good"
"choco pie",45.76341,"Good"
"ramen",66.75603,"Good"
"cocoa powder",85.75095,"Good"
"prune juice",109.0788,"Good"
"muffin",129.738,"Good"
"oyster sauce",0,"23"
"caramel latte mix",26.11028,"Good"
"cayenne pepper",45.10723,"Good"
"milk tea",71.76745,"Good"
"rice stick",87.76182,"Good"
"rejuvenating serum",119.4226,"Good"
"black roast coffee",0,"24"
"hazelnut with cocoa spread",20.09694,"Good"
"cheddar spread",37.75805,"Good"
"mosquito net",77.75392,"Good"
"facial wash",94.07761,"Good"
"liquid detergent",118.4021,"Good"
"oyster sauce",0,"25"
"cheddar spread",27.4374,"Good"
"choco pie",54.43365,"Good"
"ramen",77.09026,"Good"
"watermelon",102.0834,"Good"
"sword pepper",120.4099,"Good"
"wheat sesame",0,"26"
"soy sauce",19.10364,"Good"
"whitening lotion",49.76396,"Good"
"choco pie",74.75408,"Good"
"fries",107.0853,"Good"
"milk tea",0,"27"
"mayonnaise",21.43088,"Good"
"hazelnut with cocoa spread",50.42704,"Good"
"watermelon",80.75193,"Good"
"pet shampoo",119.0839,"Good"
"air freshener",132.6201,"Good"
"liquid detergent",151.1296,"Good"
"vanilla cake bar",0,"28"
"imported drinks",25.4402,"Good"
"potato chips",48.76898,"Good"
"cotton buds",76.42825,"Good"
"deodorant",113.0913,"Good"
"cloves",156.7485,"Good"
"garlic pack",169.2601,"Good"
"rice stick",0,"29"
"misua",13.42617,"Good"
"canned ham",36.10039,"Good"
"prune juice",52.76079,"Good"
"caramel latte mix",68.75466,"Good"
"dishwashing liquid",97.08265,"Good"
"mosquito net",125.4119,"Good"
"vanilla cake bar",0,"30"
"soy milk drink strawberry flavor",18.76971,"Good"
"baby wipes",53.09713,"Good"
"shampoo",69.75674,"Good"
"yogurt juice",97.75441,"Good"
"onion",121.744,"Good"
"garlic pack",141.4874,"Good"
"deodorant",0,"31"
"dishwashing liquid",23.10416,"Good"
"misua",50.76384,"Good"
"onion",72.42841,"Good"
"cloves",91.75924,"Good"
"blueberries",116.4184,"Good"
"caramel latte mix",140.4164,"Good"
"soy milk drink strawberry flavor",0,"32"
"soy milk drink strawberry flavor",11.76199,"Good"
"cheddar spread",35.14032,"Good"
"blueberries",60.46956,"Good"
"pet shampoo",95.79272,"Good"
"rejuvenating serum",115.453,"Good"
"mosquito net",0,"33"
"facial wash",16.42976,"Good"
"pain relief oil",34.09357,"Good"
"fries",73.0862,"Good"
"cayenne pepper",93.08456,"Good"
"cocoa powder",118.4075,"Good"
"cotton buds",0,"34"
"misua",34.77213,"Good"
"canned ham",55.43583,"Good"
"mayonnaise",71.09428,"Good"
"hazelnut with cocoa spread",98.0856,"Good"
"pain relief oil",0,"35"
"deodorant",19.10094,"Good"
"fries",66.09419,"Good"
"chicken cutlet",82.75509,"Good"
"choco pie",118.4167,"Good"
"ramen",141.2357,"Good"
"nutella",158.4102,"Good"
"deodorant",0,"36"
"fries",41.10094,"Good"
"wheat sesame",63.76545,"Good"
"muffin",82.75807,"Good"
"seaweed",107.4214,"Good"
"milk tea",0,"37"
"mushrooms",24.4378,"Good"
"black roast coffee",42.09678,"Good"
"prune juice",59.4294,"Good"
"cheddar spread",80.09091,"Good"
"rejuvenating serum",120.0832,"Good"
"liquid detergent",144.0305,"Good"
"puto cheese",0,"38"
"deodorant",35.43886,"Good"
"shampoo",52.43167,"Good"
"mushrooms",83.42449,"Good"
"blueberries",104.7519,"Good"
"watermelon",118.0781,"Good"
"chicken cutlet",142.9739,"Good"
"nutella",0,"39"
"baby wipes",27.12481,"Good"
"whitening lotion",42.11827,"Good"
"puto cheese",74.44456,"Good"
"caramel latte mix",89.76999,"Good"
"soy sauce",0,"40"
"prune juice",22.43789,"Good"
"blueberries",51.76295,"Good"
"blueberries",63.42499,"Good"
"bell pepper",81.43053,"Good"
"sword pepper",96.42464,"Good"
"milk tea",118.4193,"Good"
"mayonnaise",0,"41"
"whole grain oats",26.10817,"Good"
"nori",52.7706,"Good"
"rice stick",68.76537,"Good"
"whitening lotion",103.4228,"Good"
"cotton buds",0,"42"
"whitening lotion",18.09963,"Good"
"cheddar spread",54.42878,"Good"
"wheat sesame",69.75713,"Good"
"fries",93.41758,"Good"
"nutella",124.0785,"Good"
"rice stick",147.3343,"Good"
"baby wipes",0,"43"
"blueberries",32.11279,"Good"
"white cheese",52.10447,"Good"
"grapes",70.43296,"Good"
"chocolate cake bar",87.09615,"Good"
"soy milk drink strawberry flavor",117.0912,"Good"
"white cheese",0,"44"
"yogurt juice",15.09785,"Good"
"ramen",36.76578,"Good"
"rice stick",52.09431,"Good"
"baby wipes",83.42065,"Good"
"mayonnaise",0,"45"
"caramel latte mix",18.7631,"Good"
"misua",45.75995,"Good"
"wheat sesame",74.42366,"Good"
"imported drinks",94.08691,"Good"
"nutella",116.0793,"Good"
"caramel latte mix",0,"46"
"chicken spread",19.76911,"Good"
"rice stick",45.09481,"Good"
"nori",61.09138,"Good"
"air freshener",98.41553,"Good"
"pet shampoo",111.7422,"Good"
"chicken cutlet",0,"47"
"frozen bangus",19.09724,"Good"
"mayonnaise",49.42335,"Good"
"mushrooms",69.75433,"Good"
"choco pie",92.41632,"Good"
"nori",114.4091,"Good"
"mayonnaise",0,"48"
"ramen",16.09853,"Good"
"watermelon",39.09772,"Good"
"black roast coffee",63.4286,"Good"
"vanilla cake bar",80.0931,"Good"
"whitening lotion",117.42,"Good"
"mosquito net",135.1662,"Good"
"black roast coffee",0,"49"
"muffin",18.09533,"Good"
"potato chips",48.09347,"Good"
"deodorant",73.0867,"Good"
"pain relief oil",91.41209,"Good"
"paper plates",108.4076,"Good"
"muffin",0,"50"
"cayenne pepper",21.43869,"Good"
"cloves",36.76865,"Good"
"bell pepper",56.76382,"Good"
"frozen bangus",79.42171,"Good"
"facial wash",0,"51"
"dishwashing liquid",25.76743,"Good"
"air freshener",42.09636,"Good"
"canned ham",69.75761,"Good"
"breakfast cereal",86.07859,"Good"
"dishwashing liquid",0,"52"
"dishwashing liquid",11.76109,"Good"
"toilet papers",32.12402,"Good"
"watermelon",74.1161,"Good"
"puto cheese",104.7762,"Good"
"hazelnut with cocoa spread",123.4381,"Good"
"ramen",0,"53"
"ramen",15.7562,"Good"
"cotton buds",38.08788,"Good"
"prune juice",57.43268,"Good"
"muffin",78.09557,"Good"
"pain relief oil",112.088,"Good"
"dishwashing liquid",131.088,"Good"
"watermelon",0,"54"
"sword pepper",17.09943,"Good"
"toilet papers",52.09648,"Good"
"dishwashing liquid",69.42291,"Good"
"potato chips",95.08316,"Good"
"ramen",113.4118,"Good"
"cloves",0,"55"
"shampoo",32.77733,"Good"
"cotton buds",54.10366,"Good"
"hazelnut with cocoa spread",93.426,"Good"
"whole grain oats",115.4208,"Good"
"toilet papers",0,"56"
"breakfast cereal",26.4388,"Good"
"grapes",51.10505,"Good"
"bell pepper",69.76536,"Good"
"mushrooms",89.76353,"Good"
"cocoa powder",108.4228,"Good"
"soy sauce",0,"57"
"cheddar spread",22.43448,"Good"
"tacchino",49.76396,"Good"
"shampoo",91.0912,"Good"
"deodorant",107.4189,"Good"
"liquid detergent",134.4145,"Good"
"seaweed",166.9166,"Good"
"dishwashing liquid",0,"58"
"ramen",29.11419,"Good"
"cocoa powder",48.44205,"Good"
"misua",65.10495,"Good"
"onion",87.76706,"Good"
"mosquito net",0,"59"
"rice stick",37.10505,"Good"
"chicken cutlet",65.76576,"Good"
"sword pepper",90.09715,"Good"
"cheddar spread",122.7578,"Good"
"yogurt juice",0,"60"
"mushrooms",18.10263,"Good"
"nori",34.764,"Good"
"onion",58.75538,"Good"
"pet shampoo",90.74686,"Good"
"air freshener",104.0746,"Good"
"puto cheese",0,"61"
"black roast coffee",15.42953,"Good"
"yogurt juice",43.09712,"Good"
"baby wipes",83.75813,"Good"
"ramen",112.4203,"Good"
"bell pepper",0,"62"
"watermelon",18.43386,"Good"
"liquid detergent",62.42779,"Good"
"deodorant",90.75329,"Good"
"air freshener",116.4156,"Good"
"chicken cutlet",0,"63"
"chocolate cake bar",27.77454,"Good"
"shampoo",47.10061,"Good"
"soy sauce",64.42815,"Good"
"whole grain oats",83.42637,"Good"
"bell pepper",0,"64"
"baby wipes",33.77768,"Good"
"misua",62.7657,"Good"
"soy sauce",78.76207,"Good"
"soy milk drink strawberry flavor",98.75713,"Good"
"breakfast cereal",115.418,"Good"
"oyster sauce",0,"65"
"chocolate cake bar",20.77082,"Good"
"nori",36.76582,"Good"
"soy sauce",54.09706,"Good"
"rejuvenating serum",82.75677,"Good"
"mayonnaise",0,"66"
"oyster sauce",19.77201,"Good"
"nori",38.43369,"Good"
"facial wash",65.75803,"Good"
"toilet papers",85.42757,"Good"
"watermelon",121.4153,"Good"
"wheat sesame",143.4649,"Good"
"frozen bangus",0,"67"
"puto cheese",26.44051,"Good"
"ramen",47.76868,"Good"
"seaweed",69.10101,"Good"
"rejuvenating serum",95.76112,"Good"
"baby wipes",111.4221,"Good"
"toilet papers",0,"68"
"misua",39.44316,"Good"
"caramel latte mix",72.09818,"Good"
"soy sauce",93.0953,"Good"
"canned ham",115.7549,"Good"
"cocoa powder",142.7481,"Good"
"milk tea",158.9245,"Good"
"chicken spread",0,"69"
"rice stick",22.77082,"Good"
"milk tea",38.09938,"Good"
"paper plates",70.09106,"Good"
"pet shampoo",86.42134,"Good"
"watermelon",121.4158,"Good"
"pain relief oil",0,"70"
"air freshener",17.7655,"Good"
"mayonnaise",52.09488,"Good"
"chicken spread",67.42581,"Good"
"cheddar spread",82.75194,"Good"
"wheat sesame",98.08307,"Good"
"rice stick",117.7479,"Good"
"misua",0,"71"
"nutella",21.43278,"Good"
"hazelnut with cocoa spread",45.76251,"Good"
"cheddar spread",63.09054,"Good"
"muffin",81.75464,"Good"
"facial wash",117.0808,"Good"
"facial wash",0,"72"
"paper plates",20.77051,"Good"
"hazelnut with cocoa spread",59.09334,"Good"
"chicken cutlet",89.08592,"Good"
"canned ham",118.076,"Good"
"imported drinks",139.8728,"Good"
"fries",0,"73"
"yogurt juice",23.43639,"Good"
"deodorant",62.43016,"Good"
"hazelnut with cocoa spread",108.0838,"Good"
"cheddar spread",126.7482,"Good"
"imported drinks",150.8756,"Good"
"canned ham",0,"74"
"whitening lotion",28.44612,"Good"
"mosquito net",45.44347,"Good"
"soy milk drink strawberry flavor",79.76936,"Good"
"tacchino",108.0991,"Good"
"garlic pack",0,"75"
"onion",20.76982,"Good"
"sword pepper",46.10169,"Good"
"blueberries",61.42833,"Good"
"breakfast cereal",90.75747,"Good"
"muffin",112.7505,"Good"
"mayonnaise",0,"76"
"mushrooms",21.43458,"Good"
"ramen",37.43478,"Good"
"chicken cutlet",65.09602,"Good"
"sword pepper",86.09074,"Good"
"tacchino",104.0818,"Good"
"dishwashing liquid",0,"77"
"oyster sauce",31.10359,"Good"
"chocolate cake bar",53.0971,"Good"
"nutella",77.08917,"Good"
"grapes",102.7533,"Good"
"bell pepper",121.4168,"Good"
"white cheese",139.1336,"Good"
"baby wipes",0,"78"
"tacchino",46.77343,"Good"
"blueberries",70.10197,"Good"
"hazelnut with cocoa spread",106.0915,"Good"
"chocolate cake bar",122.087,"Good"
"muffin",137.858,"Good"
"seaweed",168.0306,"Good"
"yogurt juice",0,"79"
"seaweed",27.76994,"Good"
"breakfast cereal",48.09695,"Good"
"hazelnut with cocoa spread",71.42539,"Good"
"pet shampoo",107.7542,"Good"
"yogurt juice",0,"80"
"black roast coffee",24.10246,"Good"
"muffin",42.09565,"Good"
"grapes",70.75536,"Good"
"blueberries",86.74953,"Good"
"deodorant",119.4074,"Good"
"toilet papers",139.3052,"Good"
"chocolate cake bar",0,"81"
"paper plates",30.77656,"Good"
"dishwashing liquid",48.44045,"Good"
"grapes",81.43227,"Good"
"mushrooms",106.0939,"Good"
"chicken spread",0,"82"
"black roast coffee",19.43207,"Good"
"wheat sesame",35.09553,"Good"
"caramel latte mix",50.08944,"Good"
"onion",72.41413,"Good"
"tacchino",91.74677,"Good"
"canned ham",120.7399,"Good"
"fries",0,"83"
"sword pepper",26.10927,"Good"
"cotton buds",66.10149,"Good"
"whitening lotion",84.76429,"Good"
"wheat sesame",121.7558,"Good"
"chocolate cake bar",141.1727,"Good"
"whole grain oats",164.3461,"Good"
"cotton buds",0,"84"
"oyster sauce",36.44181,"Good"
"imported drinks",55.10551,"Good"
"potato chips",79.10288,"Good"
"chicken cutlet",116.7618,"Good"
"sword pepper",141.1249,"Good"
"grapes",157.9664,"Good"
"prune juice",0,"85"
"hazelnut with cocoa spread",24.10426,"Good"
"oyster sauce",46.10147,"Good"
"sword pepper",89.42142,"Good"
"shampoo",126.085,"Good"
"mosquito net",141.8243,"Good"
"potato chips",168.9995,"Good"
"choco pie",0,"86"
"mosquito net",32.11449,"Good"
"sword pepper",73.77325,"Good"
"vanilla cake bar",111.0962,"Good"
"cheddar spread",133.0869,"Good"
"wheat sesame",149.258,"Good"
"mushrooms",0,"87"
"misua",19.10004,"Good"
"garlic pack",41.09682,"Good"
"tacchino",64.42906,"Good"
"wheat sesame",87.08836,"Good"
"paper plates",115.4151,"Good"
"pain relief oil",0,"88"
"baby wipes",19.77161,"Good"
"whitening lotion",34.43149,"Good"
"frozen bangus",88.7524,"Good"
"fries",105.7466,"Good"
"breakfast cereal",138.4095,"Good"
"seaweed",160.5848,"Good"
"breakfast cereal",0,"89"
"hazelnut with cocoa spread",26.10637,"Good"
"chicken spread",42.7644,"Good"
"mushrooms",66.75977,"Good"
"rice stick",88.42362,"Good"
"cloves",115.087,"Good"
"onion",137.077,"Good"
"imported drinks",0,"90"
"potato chips",22.10125,"Good"
"pain relief oil",48.09935,"Good"
"prune juice",75.76231,"Good"
"hazelnut with cocoa spread",98.424,"Good"
"watermelon",127.0849,"Good"
"tacchino",146.9041,"Good"
"imported drinks",0,"91"
"misua",15.42973,"Good"
"white cheese",42.09268,"Good"
"sword pepper",61.0895,"Good"
"grapes",77.7523,"Good"
"prune juice",109.749,"Good"
"puto cheese",129.7425,"Good"
"shampoo",0,"92"
"rice stick",15.42632,"Good"
"tacchino",37.42933,"Good"
"white cheese",52.42035,"Good"
"puto cheese",78.74833,"Good"
"black roast coffee",94.07526,"Good"
"prune juice",0,"93"
"hazelnut with cocoa spread",23.43709,"Good"
"wheat sesame",43.43669,"Good"
"blueberries",69.09484,"Good"
"white cheese",89.0902,"Good"
"facial wash",128.084,"Good"
"paper plates",0,"94"
"chicken spread",39.10545,"Good"
"potato chips",71.76846,"Good"
"frozen bangus",112.4258,"Good"
"white cheese",138.7576,"Good"
"soy sauce",0,"95"
"mosquito net",38.77242,"Good"
"garlic pack",88.42859,"Good"
"cloves",103.7556,"Good"
"white cheese",132.4138,"Good"
"cotton buds",0,"96"
"whitening lotion",19.43407,"Good"
"imported drinks",53.75726,"Good"
"mushrooms",70.42086,"Good"
"misua",85.75009,"Good"
"breakfast cereal",108.4099,"Good"
"black roast coffee",125.7407,"Good"
"whole grain oats",0,"97"
"seaweed",20.77021,"Good"
"shampoo",43.10083,"Good"
"liquid detergent",72.42757,"Good"
"cloves",103.4181,"Good"
"cheddar spread",0,"98"
"imported drinks",22.10395,"Good"
"cocoa powder",38.09886,"Good"
"toilet papers",71.4244,"Good"
"chicken cutlet",111.4172,"Good"
"yogurt juice",0,"99"
"blueberries",17.7665,"Good"
"imported drinks",37.09343,"Good"
"liquid detergent",67.75744,"Good"
"dishwashing liquid",82.74935,"Good"
"cheddar spread",0,"100"
"puto cheese",19.43738,"Good"
"mayonnaise",40.10006,"Good"
"tacchino",70.76177,"Good"
"seaweed",104.4246,"Good"
"toilet papers",0,"101"
"rejuvenating serum",18.765,"Good"
"soy sauce",46.09128,"Good"
"imported drinks",66.75437,"Good"
"sword pepper",87.41497,"Good"
"watermelon",102.7423,"Good"
"white cheese",122.0722,"Good"
"cloves",0,"102"
"hazelnut with cocoa spread",19.43708,"Good"
"oyster sauce",40.09907,"Good"
"canned ham",67.42701,"Good"
"rice stick",87.75559,"Good"
"pain relief oil",0,"103"
"yogurt juice",35.11135,"Good"
"white cheese",51.44373,"Good"
"muffin",81.76662,"Good"
"hazelnut with cocoa spread",97.09435,"Good"
"muffin",0,"104"
"oyster sauce",20.10344,"Good"
"cocoa powder",54.09787,"Good"
"choco pie",76.42456,"Good"
"paper plates",104.7539,"Good"
"frozen bangus",145.0797,"Good"
"potato chips",0,"105"
"deodorant",25.10326,"Good"
"cloves",66.09762,"Good"
"sword pepper",95.42005,"Good"
"breakfast cereal",125.4129,"Good"
"whitening lotion",0,"106"
"mosquito net",17.7637,"Good"
"chicken cutlet",62.75961,"Good"
"potato chips",98.41888,"Good"
"muffin",129.4088,"Good"
"hazelnut with cocoa spread",145.5836,"Good"
"whole grain oats",169.0919,"Good"
"shampoo",0,"107"
"dishwashing liquid",23.77203,"Good"
"mosquito net",48.09564,"Good"
"yogurt juice",79.7539,"Good"
"chocolate cake bar",106.0829,"Good"
"cocoa powder",131.4127,"Good"
"white cheese",0,"108"
"breakfast cereal",31.77586,"Good"
"wheat sesame",49.77374,"Good"
"oyster sauce",79.4323,"Good"
"seaweed",114.0906,"Good"
"chocolate cake bar",0,"109"
"hazelnut with cocoa spread",16.09472,"Good"
"cotton buds",59.42904,"Good"
"baby wipes",76.75648,"Good"
"canned ham",112.7532,"Good"
"mushrooms",128.4125,"Good"
"sword pepper",160.9182,"Good"
"cheddar spread",0,"110"
"cocoa powder",22.76762,"Good"
"rice stick",39.42715,"Good"
"cloves",61.75723,"Good"
"bell pepper",79.75558,"Good"
"white cheese",99.41303,"Good"
"deodorant",0,"111"
"mosquito net",16.42765,"Good"
"tacchino",57.42344,"Good"
"nori",82.08594,"Good"
"ramen",101.4118,"Good"
"hazelnut with cocoa spread",0,"112"
"mushrooms",23.43619,"Good"
"ramen",39.76511,"Good"
"chicken cutlet",68.76153,"Good"
"blueberries",93.09051,"Good"
"tacchino",113.7503,"Good"
"facial wash",151.4137,"Good"
"deodorant",0,"113"
"facial wash",13.43287,"Good"
"dishwashing liquid",40.10559,"Good"
"breakfast cereal",66.43478,"Good"
"prune juice",78.09592,"Good"
"canned ham",95.42056,"Good"
"rice stick",115.7502,"Good"
"shampoo",0,"114"
"toilet papers",17.43176,"Good"
"misua",49.42635,"Good"
"potato chips",71.42303,"Good"
"watermelon",95.4168,"Good"
"vanilla cake bar",121.75,"Good"
"cheddar spread",0,"115"
"facial wash",35.44566,"Good"
"pet shampoo",57.77874,"Good"
"toilet papers",74.10424,"Good"
"watermelon",109.4286,"Good"
"bell pepper",127.7563,"Good"
"nori",150.9334,"Good"
"toilet papers",0,"116"
"canned ham",26.10937,"Good"
"mayonnaise",41.76725,"Good"
"chicken cutlet",69.76192,"Good"
"watermelon",90.75624,"Good"
"canned ham",0,"117"
"seaweed",16.09352,"Good"
"breakfast cereal",34.42798,"Good"
"rejuvenating serum",61.4205,"Good"
"whitening lotion",76.41762,"Good"
"cocoa powder",0,"118"
"potato chips",22.77423,"Good"
"choco pie",38.43601,"Good"
"black roast coffee",63.43042,"Good"
"paper plates",98.09254,"Good"
"cayenne pepper",138.4179,"Good"
"deodorant",0,"119"
"cloves",42.43811,"Good"
"breakfast cereal",65.10102,"Good"
"vanilla cake bar",85.76423,"Good"
"imported drinks",111.0911,"Good"
"facial wash",0,"120"
"cotton buds",19.77211,"Good"
"prune juice",55.76207,"Good"
"mayonnaise",80.42638,"Good"
"sword pepper",116.4151,"Good"
"tacchino",136.4166,"Good"
"rice stick",163.5942,"Good"
"cotton buds",0,"121"
"shampoo",15.43213,"Good"
"toilet papers",32.09927,"Good"
"choco pie",59.42421,"Good"
"onion",85.75529,"Good"
"cloves",105.0828,"Good"
"fries",123.749,"Good"
"cheddar spread",0,"122"
"milk tea",24.10096,"Good"
"white cheese",48.09537,"Good"
"blueberries",68.42654,"Good"
"fries",95.75298,"Good"
"pain relief oil",137.0746,"Good"
"air freshener",155.5872,"Good"
"rejuvenating serum",0,"123"
"pain relief oil",15.43103,"Good"
"misua",47.09322,"Good"
"nori",62.42535,"Good"
"nutella",83.75349,"Good"
"puto cheese",105.4159,"Good"
"muffin",120.746,"Good"
"vanilla cake bar",0,"124"
"cheddar spread",22.76772,"Good"
"soy sauce",46.0984,"Good"
"rejuvenating serum",84.08397,"Good"
"tacchino",130.404,"Good"
"cloves",159.5791,"Good"
"bell pepper",0,"125"
"frozen bangus",29.10508,"Good"
"black roast coffee",56.10014,"Good"
"imported drinks",76.75945,"Good"
"dishwashing liquid",108.7491,"Good"
"soy sauce",0,"126"
"yogurt juice",19.43447,"Good"
"deodorant",56.09207,"Good"
"liquid detergent",81.75002,"Good"
"air freshener",98.74634,"Good"
"pain relief oil",0,"127"
"mosquito net",21.10115,"Good"
"chicken spread",63.42728,"Good"
"puto cheese",84.08939,"Good"
"oyster sauce",106.755,"Good"
"rice stick",0,"128"
"prune juice",20.76961,"Good"
"watermelon",46.76322,"Good"
"garlic pack",71.75993,"Good"
"deodorant",113.7489,"Good"
"mushrooms",0,"129"
"nutella",22.76952,"Good"
"milk tea",46.437,"Good"
"wheat sesame",70.43017,"Good"
"black roast coffee",86.09132,"Good"
"cheddar spread",0,"130"
"chicken spread",15.7587,"Good"
"bell pepper",35.09013,"Good"
"cloves",53.08849,"Good"
"fries",72.41682,"Good"
"ramen",101.0749,"Good"
"choco pie",122.0771,"Good"
"prune juice",0,"131"
"breakfast cereal",11.76219,"Good"
"chocolate cake bar",32.47528,"Good"
"misua",56.46575,"Good"
"liquid detergent",85.79939,"Good"
"mushrooms",108.7939,"Good"
"nutella",125.7872,"Good"
"toilet papers",0,"132"
"toilet papers",11.76479,"Good"
"air freshener",29.45138,"Good"
"nori",61.78301,"Good"
"chicken cutlet",87.77589,"Good"
"soy milk drink strawberry flavor",0,"133"
"chicken spread",23.10626,"Good"
"black roast coffee",42.43462,"Good"
"soy sauce",63.43044,"Good"
"grapes",81.42411,"Good"
"cayenne pepper",107.4172,"Good"
"rejuvenating serum",147.4087,"Good"
"oyster sauce",0,"134"
"baby wipes",45.44286,"Good"
"liquid detergent",70.43328,"Good"
"paper plates",90.09473,"Good"
"choco pie",120.7505,"Good"
"pain relief oil",0,"135"
"nori",31.79189,"Good"
"sword pepper",54.4548,"Good"
"white cheese",72.44916,"Good"
"soy milk drink strawberry flavor",107.4427,"Good"
"wheat sesame",129.7713,"Good"
"vanilla cake bar",0,"136"
"garlic pack",21.43538,"Good"
"cotton buds",41.42819,"Good"
"nutella",62.08879,"Good"
"cocoa powder",83.0857,"Good"
"deodorant",110.7467,"Good"
"dishwashing liquid",134.4077,"Good"
"sword pepper",0,"137"
"soy milk drink strawberry flavor",33.44136,"Good"
"mayonnaise",54.43908,"Good"
"puto cheese",74.09924,"Good"
"misua",100.4309,"Good"
"imported drinks",135.09,"Good"
"shampoo",151.2662,"Good"
"chocolate cake bar",0,"138"
"white cheese",30.10479,"Good"
"sword pepper",47.77157,"Good"
"paper plates",87.10091,"Good"
"nori",120.7601,"Good"
"blueberries",0,"139"
"cotton buds",36.77453,"Good"
"facial wash",55.43773,"Good"
"seaweed",85.09689,"Good"
"chocolate cake bar",106.4295,"Good"
"soy milk drink strawberry flavor",137.0944,"Good"
"sword pepper",0,"140"
"watermelon",15.42663,"Good"
"bell pepper",32.09017,"Good"
"soy sauce",53.4187,"Good"
"paper plates",84.41872,"Good"
"yogurt juice",0,"141"
"seaweed",20.10064,"Good"
"imported drinks",41.76554,"Good"
"liquid detergent",71.75692,"Good"
"pet shampoo",88.42122,"Good"
"sword pepper",126.744,"Good"
"cheddar spread",0,"142"
"cocoa powder",23.43569,"Good"
"rice stick",40.76645,"Good"
"deodorant",70.76442,"Good"
"garlic pack",108.4257,"Good"
"cloves",123.7521,"Good"
"pain relief oil",0,"143"
"breakfast cereal",25.76723,"Good"
"hazelnut with cocoa spread",47.42692,"Good"
"nori",73.42678,"Good"
"onion",96.4222,"Good"
"frozen bangus",115.7515,"Good"
"caramel latte mix",0,"144"
"chocolate cake bar",19.10164,"Good"
"whole grain oats",43.09992,"Good"
"pain relief oil",76.76038,"Good"
"nori",111.7532,"Good"
"onion",140.412,"Good"
"chicken cutlet",0,"145"
"blueberries",27.77435,"Good"
"grapes",41.09921,"Good"
"mosquito net",80.42866,"Good"
"toilet papers",104.0885,"Good"
"canned ham",136.7514,"Good"
"nori",162.5911,"Good"
"watermelon",0,"146"
"pet shampoo",35.10644,"Good"
"vanilla cake bar",66.10197,"Good"
"chicken spread",84.76318,"Good"
"chocolate cake bar",102.76,"Good"
"whole grain oats",124.0931,"Good"
"canned ham",142.0176,"Good"
"cotton buds",0,"147"
"facial wash",19.42597,"Good"
"paper plates",40.42588,"Good"
"ramen",72.08364,"Good"
"whole grain oats",92.07641,"Good"
"onion",118.0691,"Good"
"frozen bangus",139.5325,"Good"
"nori",0,"148"
"yogurt juice",15.7611,"Good"
"facial wash",42.09566,"Good"
"dishwashing liquid",64.41996,"Good"
"cheddar spread",92.08091,"Good"
"chicken spread",107.4114,"Good"
"puto cheese",126.7416,"Good"
"canned ham",0,"149"
"bell pepper",25.4454,"Good"
"onion",43.4421,"Good"
"fries",62.10291,"Good"
"frozen bangus",79.43533,"Good"
"hazelnut with cocoa spread",0,"150"
"mayonnaise",15.42803,"Good"
"facial wash",52.09287,"Good"
"toilet papers",71.09149,"Good"
"air freshener",87.75379,"Good"
"blueberries",122.0797,"Good"
"frozen bangus",151.1861,"Good"
"cotton buds",0,"151"
"cocoa powder",18.7698,"Good"
"white cheese",39.43724,"Good"
"breakfast cereal",65.76322,"Good"
"wheat sesame",82.42252,"Good"
"muffin",101.4149,"Good"
"whitening lotion",136.7425,"Good"
"vanilla cake bar",0,"152"
"cocoa powder",30.78087,"Good"
"potato chips",53.4409,"Good"
"pet shampoo",87.09996,"Good"
"tacchino",131.4202,"Good"
"sword pepper",152.5979,"Good"
"soy sauce",0,"153"
"cocoa powder",19.43598,"Good"
"ramen",37.09942,"Good"
"hazelnut with cocoa spread",66.09943,"Good"
"whitening lotion",104.0942,"Good"
"toilet papers",123.089,"Good"
"toilet papers",135.2717,"Good"
"onion",0,"154"
"cayenne pepper",20.76761,"Good"
"bell pepper",40.76492,"Good"
"puto cheese",64.09895,"Good"
"whole grain oats",84.76115,"Good"
"yogurt juice",0,"155"
"deodorant",30.77616,"Good"
"pet shampoo",54.43394,"Good"
"breakfast cereal",81.43136,"Good"
"vanilla cake bar",102.0835,"Good"
"cayenne pepper",125.0811,"Good"
"air freshener",0,"156"
"milk tea",31.77286,"Good"
"chicken spread",56.44017,"Good"
"cayenne pepper",71.7642,"Good"
"fries",91.76027,"Good"
"liquid detergent",0,"157"
"puto cheese",29.77185,"Good"
"muffin",45.76675,"Good"
"white cheese",77.09329,"Good"
"garlic pack",102.7527,"Good"
"fries",122.753,"Good"
"baby wipes",0,"158"
"yogurt juice",35.78028,"Good"
"cayenne pepper",60.7735,"Good"
"seaweed",87.43372,"Good"
"mushrooms",105.7643,"Good"
"ramen",122.0908,"Good"
"imported drinks",0,"159"
"mushrooms",16.09683,"Good"
"misua",31.42829,"Good"
"tacchino",55.42061,"Good"
"wheat sesame",80.08372,"Good"
"pain relief oil",111.7441,"Good"
"facial wash",0,"160"
"whitening lotion",15.09275,"Good"
"rejuvenating serum",30.08988,"Good"
"muffin",63.08253,"Good"
"chocolate cake bar",76.40946,"Good"
"cloves",98.40363,"Good"
"choco pie",123.7304,"Good"
"shampoo",0,"161"
"soy sauce",32.44331,"Good"
"nutella",48.43548,"Good"
"rice stick",72.09794,"Good"
"black roast coffee",92.09081,"Good"
"garlic pack",111.4202,"Good"
"sword pepper",141.418,"Good"
"yogurt juice",0,"162"
"soy milk drink strawberry flavor",26.10467,"Good"
"toilet papers",54.76711,"Good"
"air freshener",71.43042,"Good"
"grapes",103.7537,"Good"
"cloves",0,"163"
"onion",20.76911,"Good"
"white cheese",41.42854,"Good"
"milk tea",66.42106,"Good"
"muffin",95.08126,"Good"
"prune juice",117.7441,"Good"
"paper plates",147.1788,"Good"
"seaweed",0,"164"
"oyster sauce",21.10365,"Good"
"wheat sesame",37.76468,"Good"
"cloves",56.09927,"Good"
"blueberries",85.4231,"Good"
"rejuvenating serum",0,"165"
"mayonnaise",26.10657,"Good"
"nori",46.44019,"Good"
"onion",69.76692,"Good"
"cloves",89.09716,"Good"
"soy milk drink strawberry flavor",112.4237,"Good"
"nori",0,"166"
"canned ham",25.435,"Good"
"onion",52.43376,"Good"
"tacchino",72.42554,"Good"
"rejuvenating serum",118.7522,"Good"
"liquid detergent",143.5991,"Good"
"paper plates",0,"167"
"air freshener",17.76009,"Good"
"cloves",54.75871,"Good"
"cayenne pepper",66.42235,"Good"
"sword pepper",99.75766,"Good"
"mayonnaise",134.413,"Good"
"imported drinks",162.5954,"Good"
"shampoo",0,"168"
"toilet papers",21.76822,"Good"
"cocoa powder",55.09419,"Good"
"whole grain oats",80.42092,"Good"
"wheat sesame",99.08232,"Good"
"breakfast cereal",116.0783,"Good"
"bell pepper",0,"169"
"chocolate cake bar",29.77125,"Good"
"caramel latte mix",47.10021,"Good"
"facial wash",78.09184,"Good"
"potato chips",101.0912,"Good"
"nutella",0,"170"
"mosquito net",27.77664,"Good"
"black roast coffee",61.43454,"Good"
"onion",81.43481,"Good"
"frozen bangus",100.7617,"Good"
"tacchino",122.4186,"Good"
"choco pie",0,"171"
"potato chips",16.09472,"Good"
"nori",38.09837,"Good"
"air freshener",73.42091,"Good"
"garlic pack",108.4081,"Good"
"chicken cutlet",133.0714,"Good"
"vanilla cake bar",165.5753,"Good"
"mushrooms",0,"172"
"vanilla cake bar",22.77552,"Good"
"whitening lotion",62.76274,"Good"
"deodorant",77.75686,"Good"
"dishwashing liquid",103.4179,"Good"
"whitening lotion",0,"173"
"frozen bangus",47.77108,"Good"
"blueberries",80.09587,"Good"
"soy milk drink strawberry flavor",112.0853,"Good"
"hazelnut with cocoa spread",131.4135,"Good"
"prune juice",155.5893,"Good"
"mosquito net",0,"174"
"seaweed",28.11048,"Good"
"canned ham",44.10598,"Good"
"mushrooms",59.76643,"Good"
"cloves",80.76275,"Good"
"sword pepper",108.0923,"Good"
"cotton buds",0,"175"
"mayonnaise",21.43378,"Good"
"seaweed",37.09677,"Good"
"fries",66.75912,"Good"
"white cheese",86.75228,"Good"
"grapes",104.4132,"Good"
"misua",0,"176"
"garlic pack",34.10469,"Good"
"yogurt juice",60.76659,"Good"
"white cheese",77.76441,"Good"
"tacchino",92.75563,"Good"
"cocoa powder",117.08,"Good"
"grapes",0,"177"
"potato chips",22.09715,"Good"
"nori",41.76014,"Good"
"whitening lotion",67.08427,"Good"
"pet shampoo",87.41776,"Good"
"ramen",0,"178"
"frozen bangus",38.44262,"Good"
"blueberries",71.43414,"Good"
"rejuvenating serum",104.0934,"Good"
"whitening lotion",119.4203,"Good"
"liquid detergent",143.9832,"Good"
"caramel latte mix",172.4967,"Good"
"yogurt juice",0,"179"
"soy milk drink strawberry flavor",32.77922,"Good"
"caramel latte mix",54.44497,"Good"
"toilet papers",88.77367,"Good"
"garlic pack",130.091,"Good"
"chicken cutlet",156.9314,"Good"
"cayenne pepper",182.773,"Good"
"onion",0,"180"
"mushrooms",22.09865,"Good"
"ramen",42.76119,"Good"
"cocoa powder",66.09173,"Good"
"toilet papers",101.7529,"Good"
"cocoa powder",0,"181"
"mushrooms",19.10184,"Good"
"chocolate cake bar",39.76706,"Good"
"white cheese",62.09274,"Good"
"baby wipes",100.42,"Good"
"rejuvenating serum",116.7454,"Good"
"paper plates",136.4446,"Good"
"chicken spread",0,"182"
"puto cheese",23.43339,"Good"
"garlic pack",46.09552,"Good"
"chicken cutlet",72.75662,"Good"
"baby wipes",125.082,"Good"
"nutella",162.0802,"Good"
"potato chips",187.5913,"Good"
"seaweed",0,"183"
"choco pie",26.10787,"Good"
"whitening lotion",55.76716,"Good"
"liquid detergent",81.42763,"Good"
"white cheese",127.0852,"Good"
"blueberries",149.5793,"Good"
"frozen bangus",186.4136,"Good"
"muffin",0,"184"
"puto cheese",16.09482,"Good"
"whole grain oats",37.42973,"Good"
"canned ham",55.75891,"Good"
"choco pie",77.42757,"Good"
"deodorant",108.0865,"Good"
"seaweed",0,"185"
"imported drinks",23.10055,"Good"
"prune juice",45.76678,"Good"
"soy milk drink strawberry flavor",63.43043,"Good"
"wheat sesame",85.75473,"Good"
"cloves",103.4178,"Good"
"chicken cutlet",127.4159,"Good"
"chicken spread",0,"186"
"shampoo",34.77383,"Good"
"air freshener",54.10585,"Good"
"paper plates",71.09978,"Good"
"yogurt juice",103.4231,"Good"
"imported drinks",119.4146,"Good"
"mushrooms",135.3107,"Good"
"choco pie",0,"187"
"puto cheese",23.77052,"Good"
"tacchino",49.10139,"Good"
"chicken cutlet",65.09436,"Good"
"pain relief oil",102.7524,"Good"
"liquid detergent",121.753,"Good"
"blueberries",0,"188"
"chicken cutlet",26.77895,"Good"
"cloves",51.11016,"Good"
"soy sauce",73.10583,"Good"
"wheat sesame",90.43668,"Good"
"oyster sauce",0,"189"
"muffin",19.76991,"Good"
"mosquito net",58.4277,"Good"
"liquid detergent",83.42292,"Good"
"onion",115.0835,"Good"
"nutella",139.7461,"Good"
"misua",0,"190"
"whole grain oats",26.10998,"Good"
"chocolate cake bar",47.77496,"Good"
"cotton buds",70.43956,"Good"
"milk tea",89.10226,"Good"
"nutella",110.4237,"Good"
"mosquito net",140.7526,"Good"
"mayonnaise",0,"191"
"caramel latte mix",19.44008,"Good"
"cheddar spread",36.43689,"Good"
"hazelnut with cocoa spread",54.43646,"Good"
"blueberries",85.76411,"Good"
"tacchino",107.0894,"Good"
"baby wipes",146.0809,"Good"
"shampoo",0,"192"
"grapes",17.43236,"Good"
"blueberries",33.43374,"Good"
"chicken cutlet",57.42831,"Good"
"garlic pack",79.08926,"Good"
"wheat sesame",96.42379,"Good"
"seaweed",0,"193"
"shampoo",22.43609,"Good"
"pain relief oil",53.76385,"Good"
"garlic pack",86.75259,"Good"
"chicken cutlet",109.4134,"Good"
"facial wash",0,"194"
"chocolate cake bar",30.44282,"Good"
"grapes",48.10691,"Good"
"garlic pack",74.76651,"Good"
"fries",96.09755,"Good"
"prune juice",127.4198,"Good"
"vanilla cake bar",149.5932,"Good"
"soy milk drink strawberry flavor",0,"195"
"cheddar spread",23.44009,"Good"
"black roast coffee",40.76696,"Good"
"pain relief oil",70.76253,"Good"
"cayenne pepper",105.7547,"Good"
"sword pepper",0,"196"
"soy sauce",28.10448,"Good"
"oyster sauce",45.77096,"Good"
"whole grain oats",63.10159,"Good"
"air freshener",88.76374,"Good"
"whitening lotion",0,"197"
"rejuvenating serum",15.09705,"Good"
"mosquito net",33.4386,"Good"
"yogurt juice",63.76559,"Good"
"soy sauce",87.76035,"Good"
"wheat sesame",107.0903,"Good"
"dishwashing liquid",0,"198"
"soy milk drink strawberry flavor",27.11088,"Good"
"black roast coffee",46.44064,"Good"
"misua",73.10285,"Good"
"watermelon",109.0938,"Good"
"cocoa powder",124.7564,"Good"
"nori",140.733,"Good"
"choco pie",0,"199"
"imported drinks",22.43939,"Good"
"mushrooms",37.76795,"Good"
"milk tea",54.42756,"Good"
"misua",69.756,"Good"
"oyster sauce",85.74966,"Good"
"prune juice",101.746,"Good"
"breakfast cereal",0,"200"
"vanilla cake bar",20.76771,"Good"
"oyster sauce",42.76282,"Good"
"nori",78.7524,"Good"
"pain relief oil",110.7455,"Good"
"grapes",147.0705,"Good"
"soy milk drink strawberry flavor",0,"201"
"yogurt juice",33.44106,"Good"
"pet shampoo",74.4331,"Good"
"seaweed",106.7607,"Good"
"cocoa powder",129.7558,"Good"
"mushrooms",150.5975,"Good"
"misua",0,"202"
"fries",28.10978,"Good"
"blueberries",56.10019,"Good"
"baby wipes",88.7598,"Good"
"wheat sesame",124.4223,"Good"
"garlic pack",0,"203"
"frozen bangus",22.10215,"Good"
"bell pepper",46.42727,"Good"
"sword pepper",69.09148,"Good"
"dishwashing liquid",113.7518,"Good"
"choco pie",0,"204"
"mayonnaise",25.77754,"Good"
"misua",51.44113,"Good"
"mushrooms",73.43381,"Good"
"pain relief oil",103.0935,"Good"
"mosquito net",125.7566,"Good"
"pain relief oil",0,"205"
"imported drinks",27.77344,"Good"
"ramen",41.10101,"Good"
"yogurt juice",58.76216,"Good"
"mushrooms",76.42421,"Good"
"breakfast cereal",93.75234,"Good"
"puto cheese",111.0846,"Good"
"baby wipes",0,"206"
"shampoo",17.43446,"Good"
"cayenne pepper",54.09937,"Good"
"grapes",78.76017,"Good"
"bell pepper",97.42226,"Good"
"nutella",126.4153,"Good"
"hazelnut with cocoa spread",0,"207"
"black roast coffee",20.10104,"Good"
"chocolate cake bar",37.42924,"Good"
"fries",66.09075,"Good"
"tacchino",86.41943,"Good"
"cocoa powder",109.4132,"Good"
"deodorant",0,"208"
"nutella",33.77288,"Good"
"onion",63.43813,"Good"
"chicken cutlet",81.43051,"Good"
"blueberries",108.4277,"Good"
"whole grain oats",141.0842,"Good"
"deodorant",0,"209"
"air freshener",21.76972,"Good"
"choco pie",47.42751,"Good"
"soy sauce",67.7612,"Good"
"mushrooms",83.42355,"Good"
"caramel latte mix",99.08591,"Good"
"mosquito net",0,"210"
"vanilla cake bar",43.10925,"Good"
"fries",72.43768,"Good"
"frozen bangus",88.76737,"Good"
"garlic pack",109.0975,"Good"
"potato chips",140.4221,"Good"
"tacchino",0,"211"
"whitening lotion",33.77208,"Good"
"shampoo",50.09575,"Good"
"misua",78.75936,"Good"
"hazelnut with cocoa spread",103.4161,"Good"
"wheat sesame",122.0828,"Good"
"whole grain oats",0,"212"
"puto cheese",20.76731,"Good"
"rejuvenating serum",58.75951,"Good"
"shampoo",74.42197,"Good"
"mushrooms",105.0874,"Good"
"whitening lotion",0,"213"
"air freshener",23.76872,"Good"
"chicken spread",62.09645,"Good"
"wheat sesame",80.09481,"Good"
"soy sauce",101.7578,"Good"
"cloves",127.0838,"Good"
"watermelon",155.9055,"Good"
"cotton buds",0,"214"
"seaweed",25.4403,"Good"
"oyster sauce",47.10399,"Good"
"pet shampoo",78.42923,"Good"
"black roast coffee",110.7529,"Good"
"bell pepper",132.7448,"Good"
"blueberries",160.92,"Good"
"cotton buds",0,"215"
"nutella",21.43508,"Good"
"yogurt juice",42.43383,"Good"
"prune juice",65.76487,"Good"
"fries",93.0901,"Good"
"blueberries",120.4208,"Good"
"tacchino",141.3981,"Good"
"mushrooms",0,"216"
"shampoo",15.42772,"Good"
"hazelnut with cocoa spread",42.09127,"Good"
"cheddar spread",60.08795,"Good"
"tacchino",86.08453,"Good"
"baby wipes",127.0739,"Good"
"pain relief oil",0,"217"
"garlic pack",38.44351,"Good"
"cocoa powder",66.43509,"Good"
"ramen",85.42791,"Good"
"wheat sesame",112.095,"Good"
"cloves",0,"218"
"wheat sesame",17.43186,"Good"
"ramen",42.43388,"Good"
"rejuvenating serum",68.42375,"Good"
"whitening lotion",83.75288,"Good"
"baby wipes",98.7476,"Good"
"pain relief oil",117.409,"Good"
"whole grain oats",0,"219"
"wheat sesame",20.10815,"Good"
"cheddar spread",35.10112,"Good"
"air freshener",70.76048,"Good"
"sword pepper",119.0848,"Good"
"watermelon",135.9604,"Good"
"air freshener",0,"220"
"pain relief oil",17.09913,"Good"
"white cheese",53.42405,"Good"
"canned ham",79.75513,"Good"
"choco pie",99.42129,"Good"
"rice stick",123.0821,"Good"
"mushrooms",139.2643,"Good"
"tacchino",0,"221"
"yogurt juice",15.7585,"Good"
"dishwashing liquid",52.75531,"Good"
"toilet papers",71.08329,"Good"
"wheat sesame",101.7417,"Good"
"cheddar spread",116.7343,"Good"
"muffin",136.0914,"Good"
"paper plates",0,"222"
"ramen",32.43761,"Good"
"misua",56.09856,"Good"
"soy sauce",78.75907,"Good"
"chocolate cake bar",103.7602,"Good"
"tacchino",0,"223"
"fries",20.09563,"Good"
"toilet papers",64.75342,"Good"
"shampoo",82.08224,"Good"
"baby wipes",99.41008,"Good"
"soy sauce",134.7346,"Good"
"ramen",150.9061,"Good"
"toilet papers",0,"224"
"dishwashing liquid",18.10294,"Good"
"mosquito net",43.09922,"Good"
"soy sauce",84.09095,"Good"
"puto cheese",105.7593,"Good"
"nutella",127.0839,"Good"
"dishwashing liquid",0,"225"
"pet shampoo",17.7659,"Good"
"facial wash",43.42913,"Good"
"breakfast cereal",81.41951,"Good"
"black roast coffee",98.74604,"Good"
"frozen bangus",128.7417,"Good"
"nori",167.2372,"Good"
"misua",0,"226"
"hazelnut with cocoa spread",24.77353,"Good"
"grapes",53.76779,"Good"
"blueberries",69.75906,"Good"
"white cheese",89.75752,"Good"
"bell pepper",106.0846,"Good"
"white cheese",0,"227"
"pet shampoo",37.10685,"Good"
"seaweed",65.43124,"Good"
"canned ham",81.75772,"Good"
"nutella",97.42097,"Good"
"black roast coffee",117.0829,"Good"
"muffin",134.4705,"Good"
"choco pie",0,"228"
"rice stick",26.4416,"Good"
"chocolate cake bar",46.43471,"Good"
"black roast coffee",73.09921,"Good"
"cheddar spread",90.76146,"Good"
"frozen bangus",0,"229"
"chicken cutlet",19.10084,"Good"
"pain relief oil",56.7583,"Good"
"liquid detergent",75.75442,"Good"
"breakfast cereal",99.41327,"Good"
"soy milk drink strawberry flavor",116.0715,"Good"
"breakfast cereal",0,"230"
"soy milk drink strawberry flavor",18.43998,"Good"
"hazelnut with cocoa spread",39.10432,"Good"
"pet shampoo",81.09391,"Good"
"toilet papers",98.75986,"Good"
"facial wash",120.7555,"Good"
"air freshener",0,"231"
"facial wash",23.10295,"Good"
"mayonnaise",53.43288,"Good"
"seaweed",69.42915,"Good"
"chocolate cake bar",90.42586,"Good"
"cheddar spread",117.4145,"Good"
"chicken cutlet",142.1571,"Good"
"canned ham",0,"232"
"soy sauce",15.7596,"Good"
"prune juice",32.42308,"Good"
"chicken spread",52.08764,"Good"
"dishwashing liquid",81.41718,"Good"
"onion",111.7437,"Good"
"frozen bangus",131.0768,"Good"
"shampoo",0,"233"
"black roast coffee",22.76481,"Good"
"cayenne pepper",43.09423,"Good"
"bell pepper",63.75643,"Good"
"whitening lotion",110.4088,"Good"
"misua",0,"234"
"nutella",25.441,"Good"
"breakfast cereal",45.77342,"Good"
"hazelnut with cocoa spread",70.76904,"Good"
"muffin",85.76796,"Good"
"dishwashing liquid",122.4231,"Good"
"hazelnut with cocoa spread",0,"235"
"prune juice",23.10766,"Good"
"seaweed",42.76954,"Good"
"ramen",65.76905,"Good"
"rice stick",81.09369,"Good"
"cotton buds",97.08996,"Good"
"grapes",117.7555,"Good"
"cotton buds",0,"236"
"whole grain oats",38.1071,"Good"
"cheddar spread",60.7695,"Good"
"watermelon",87.42921,"Good"
"onion",113.7517,"Good"
"yogurt juice",137.7468,"Good"
"choco pie",0,"237"
"soy sauce",21.76791,"Good"
"nutella",37.4319,"Good"
"milk tea",59.09685,"Good"
"blueberries",78.42709,"Good"
"tacchino",99.75283,"Good"
"muffin",129.7424,"Good"
"choco pie",0,"238"
"canned ham",19.7662,"Good"
"cocoa powder",43.76506,"Good"
"cayenne pepper",69.08929,"Good"
"pet shampoo",101.0807,"Good"
"liquid detergent",118.0793,"Good"
"soy sauce",0,"239"
"seaweed",23.10216,"Good"
"deodorant",50.09951,"Good"
"watermelon",79.75827,"Good"
"bell pepper",100.7566,"Good"
"oyster sauce",0,"240"
"grapes",23.76973,"Good"
"onion",48.43726,"Good"
"bell pepper",66.43293,"Good"
"chicken spread",91.75777,"Good"
"vanilla cake bar",111.7565,"Good"
"rejuvenating serum",151.0772,"Good"
"air freshener",0,"241"
"mayonnaise",39.77338,"Good"
"caramel latte mix",61.10281,"Good"
"muffin",81.09938,"Good"
"misua",108.4234,"Good"
"cloves",145.0768,"Good"
"blueberries",0,"242"
"whitening lotion",28.77535,"Good"
"facial wash",43.7673,"Good"
"rejuvenating serum",59.42724,"Good"
"oyster sauce",95.75005,"Good"
"yogurt juice",0,"243"
"facial wash",33.44046,"Good"
"seaweed",60.43168,"Good"
"nori",80.76495,"Good"
"puto cheese",104.0905,"Good"
"black roast coffee",119.753,"Good"
"breakfast cereal",0,"244"
"vanilla cake bar",21.43869,"Good"
"canned ham",44.10072,"Good"
"pet shampoo",72.42881,"Good"
"air freshener",85.75455,"Good"
"toilet papers",104.4161,"Good"
"bell pepper",144.4061,"Good"
"grapes",0,"245"
"onion",26.10107,"Good"
"choco pie",56.09228,"Good"
"potato chips",71.75473,"Good"
"air freshener",102.0848,"Good"
"black roast coffee",131.0782,"Good"
"caramel latte mix",147.2538,"Good"
"oyster sauce",0,"246"
"chocolate cake bar",22.77022,"Good"
"milk tea",39.09613,"Good"
"canned ham",61.76264,"Good"
"mushrooms",77.4207,"Good"
"nori",99.74929,"Good"
"chicken cutlet",0,"247"
"tacchino",16.42745,"Good"
"black roast coffee",42.76431,"Good"
"prune juice",59.41891,"Good"
"dishwashing liquid",84.75044,"Good"
"nutella",112.4093,"Good"
"watermelon",0,"248"
"grapes",11.76379,"Good"
"chocolate cake bar",46.46731,"Good"
"shampoo",81.12353,"Good"
"baby wipes",105.7827,"Good"
"mosquito net",123.4476,"Good"
"misua",0,"249"
"puto cheese",26.77374,"Good"
"air freshener",56.10041,"Good"
"baby wipes",77.75747,"Good"
"deodorant",92.42117,"Good"
"seaweed",120.751,"Good"
"puto cheese",0,"250"
"pain relief oil",32.10739,"Good"
"canned ham",59.76634,"Good"
"choco pie",79.42719,"Good"
"imported drinks",103.0906,"Good"
"liquid detergent",0,"251"
"whole grain oats",24.437,"Good"
"nori",46.76912,"Good"
"rice stick",62.09205,"Good"
"onion",83.42278,"Good"
"air freshener",0,"252"
"facial wash",23.77233,"Good"
"whole grain oats",60.42717,"Good"
"cheddar spread",81.42689,"Good"
"misua",113.4171,"Good"
"nutella",148.0766,"Good"
"white cheese",0,"253"
"paper plates",39.10254,"Good"
"baby wipes",57.43072,"Good"
"mayonnaise",85.4241,"Good"
"nutella",101.0848,"Good"
"puto cheese",122.7488,"Good"
"cheddar spread",141.2374,"Good"
"pet shampoo",0,"254"
"cloves",32.44001,"Good"
"ramen",56.43578,"Good"
"nori",78.09494,"Good"
"cocoa powder",93.75799,"Good"
"milk tea",109.4223,"Good"
"potato chips",128.7528,"Good"
"misua",0,"255"
"pet shampoo",34.10799,"Good"
"chicken spread",70.42909,"Good"
"black roast coffee",90.42635,"Good"
"soy milk drink strawberry flavor",111.7557,"Good"
"garlic pack",137.7483,"Good"
"tacchino",0,"256"
"cayenne pepper",24.76913,"Good"
"misua",48.76144,"Good"
"wheat sesame",68.7542,"Good"
"facial wash",105.7466,"Good"
"vanilla cake bar",0,"257"
"mayonnaise",18.10013,"Good"
"chicken spread",33.42853,"Good"
"deodorant",74.08464,"Good"
"choco pie",101.7484,"Good"
"mayonnaise",0,"258"
"pet shampoo",29.77495,"Good"
"pain relief oil",48.10097,"Good"
"baby wipes",67.0994,"Good"
"mosquito net",83.7578,"Good"
"onion",0,"259"
"yogurt juice",22.10415,"Good"
"mayonnaise",50.7616,"Good"
"whole grain oats",71.75221,"Good"
"puto cheese",91.74799,"Good"
"pet shampoo",123.0726,"Good"
"nutella",0,"260"
"mushrooms",20.10034,"Good"
"misua",35.43354,"Good"
"oyster sauce",52.09184,"Good"
"breakfast cereal",68.08881,"Good"
"watermelon",92.08228,"Good"
"liquid detergent",125.0747,"Good"
"chicken cutlet",0,"261"
"yogurt juice",19.76771,"Good"
"dishwashing liquid",60.75712,"Good"
"cotton buds",81.75404,"Good"
"vanilla cake bar",120.4102,"Good"
"whole grain oats",143.3851,"Good"
"misua",171.8935,"Good"
"milk tea",0,"262"
"caramel latte mix",21.43899,"Good"
"chicken spread",40.43373,"Good"
"cloves",57.09544,"Good"
"air freshener",90.41868,"Good"
"pet shampoo",103.7475,"Good"
"mosquito net",129.0712,"Good"
"blueberries",0,"263"
"baby wipes",36.77623,"Good"
"cotton buds",54.43978,"Good"
"cheddar spread",92.43256,"Good"
"hazelnut with cocoa spread",111.0954,"Good"
"muffin",126.4244,"Good"
"deodorant",0,"264"
"bell pepper",35.10915,"Good"
"tacchino",52.77139,"Good"
"yogurt juice",68.09942,"Good"
"choco pie",97.75887,"Good"
"whole grain oats",0,"265"
"chicken spread",25.77444,"Good"
"canned ham",51.10381,"Good"
"deodorant",90.09473,"Good"
"bell pepper",139.0835,"Good"
"breakfast cereal",0,"266"
"liquid detergent",28.10718,"Good"
"pain relief oil",49.43735,"Good"
"cotton buds",65.43202,"Good"
"seaweed",104.0893,"Good"
"nori",127.0882,"Good"
"nori",0,"267"
"canned ham",20.76891,"Good"
"potato chips",41.09763,"Good"
"cotton buds",65.08601,"Good"
"chicken cutlet",86.41683,"Good"
"deodorant",122.7388,"Good"
"mosquito net",138.8928,"Good"
"oyster sauce",0,"268"
"cheddar spread",24.77133,"Good"
"pain relief oil",55.43067,"Good"
"tacchino",92.75251,"Good"
"seaweed",122.0764,"Good"
"onion",0,"269"
"chicken cutlet",16.76209,"Good"
"prune juice",43.76226,"Good"
"hazelnut with cocoa spread",65.75603,"Good"
"milk tea",93.7495,"Good"
"rejuvenating serum",120.4092,"Good"
"mayonnaise",0,"270"
"puto cheese",22.10535,"Good"
"yogurt juice",51.43182,"Good"
"sword pepper",72.75887,"Good"
"blueberries",88.75513,"Good"
"rejuvenating serum",126.0804,"Good"
"whole grain oats",0,"271"
"baby wipes",41.44206,"Good"
"yogurt juice",84.10358,"Good"
"choco pie",117.7606,"Good"
"canned ham",140.1966,"Good"
"ramen",156.705,"Good"
"pet shampoo",0,"272"
"liquid detergent",17.10193,"Good"
"shampoo",38.09927,"Good"
"onion",75.42331,"Good"
"canned ham",98.08501,"Good"
"fries",0,"273"
"watermelon",22.76912,"Good"
"oyster sauce",55.09424,"Good"
"wheat sesame",79.75405,"Good"
"cotton buds",96.74726,"Good"
"cloves",0,"274"
"blueberries",31.43953,"Good"
"black roast coffee",62.10286,"Good"
"hazelnut with cocoa spread",84.09093,"Good"
"baby wipes",135.4207,"Good"
"oyster sauce",0,"275"
"wheat sesame",25.77163,"Good"
"puto cheese",42.09986,"Good"
"whitening lotion",76.08894,"Good"
"cocoa powder",103.0883,"Good"
"garlic pack",127.7536,"Good"
"chicken cutlet",151.2536,"Good"
"oyster sauce",0,"276"
"mayonnaise",25.43279,"Good"
"mushrooms",50.09622,"Good"
"air freshener",76.42521,"Good"
"tacchino",120.7521,"Good"
"garlic pack",0,"277"
"chocolate cake bar",21.43758,"Good"
"imported drinks",46.76395,"Good"
"milk tea",62.08839,"Good"
"toilet papers",96.07727,"Good"
"nutella",0,"278"
"mushrooms",21.77072,"Good"
"cocoa powder",41.10058,"Good"
"shampoo",59.09546,"Good"
"black roast coffee",80.42789,"Good"
"deodorant",117.7502,"Good"
"facial wash",131.1871,"Good"
"breakfast cereal",0,"279"
"black roast coffee",17.09803,"Good"
"wheat sesame",32.43258,"Good"
"cheddar spread",47.4283,"Good"
"cloves",64.0888,"Good"
"sword pepper",96.74271,"Good"
"choco pie",128.4009,"Good"
"mayonnaise",0,"280"
"oyster sauce",22.10345,"Good"
"muffin",41.43341,"Good"
"puto cheese",56.75734,"Good"
"air freshener",85.42194,"Good"
"baby wipes",106.4156,"Good"
"seaweed",134.7363,"Good"
"yogurt juice",0,"281"
"watermelon",15.76251,"Good"
"deodorant",53.42215,"Good"
"rejuvenating serum",70.42007,"Good"
"seaweed",102.4136,"Good"
"ramen",127.4084,"Good"
"imported drinks",141.5827,"Good"
"nutella",0,"282"
"choco pie",24.4381,"Good"
"liquid detergent",53.43176,"Good"
"toilet papers",73.09651,"Good"
"garlic pack",111.0826,"Good"
"onion",131.7459,"Good"
"soy milk drink strawberry flavor",161.9188,"Good"
"fries",0,"283"
"watermelon",24.76933,"Good"
"oyster sauce",61.09086,"Good"
"vanilla cake bar",82.4226,"Good"
"milk tea",108.4197,"Good"
"cotton buds",127.0783,"Good"
"soy sauce",0,"284"
"caramel latte mix",18.09643,"Good"
"black roast coffee",33.09541,"Good"
"muffin",51.08537,"Good"
"fries",79.08624,"Good"
"facial wash",0,"285"
"pain relief oil",17.7637,"Good"
"prune juice",44.09207,"Good"
"choco pie",63.42471,"Good"
"white cheese",93.75249,"Good"
"white cheese",0,"286"
"nutella",32.44171,"Good"
"cocoa powder",55.43584,"Good"
"rice stick",73.09889,"Good"
"muffin",98.76234,"Good"
"puto cheese",114.7501,"Good"
"cloves",0,"287"
"nutella",23.43729,"Good"
"mayonnaise",35.10147,"Good"
"caramel latte mix",54.09698,"Good"
"liquid detergent",77.75665,"Good"
"pain relief oil",96.09133,"Good"
"facial wash",113.7485,"Good"
"canned ham",0,"288"
"chicken cutlet",26.43871,"Good"
"dishwashing liquid",62.0919,"Good"
"liquid detergent",77.08711,"Good"
"paper plates",95.4146,"Good"
"toilet papers",108.7434,"Good"
"oyster sauce",0,"289"
"misua",16.7658,"Good"
"facial wash",54.75861,"Good"
"deodorant",68.08655,"Good"
"fries",112.0806,"Good"
"choco pie",145.4082,"Good"
"chicken cutlet",0,"290"
"pet shampoo",37.77068,"Good"
"dishwashing liquid",54.09986,"Good"
"nutella",81.10107,"Good"
"choco pie",103.0975,"Good"
"deodorant",0,"291"
"grapes",30.44232,"Good"
"mayonnaise",57.77589,"Good"
"misua",83.77406,"Good"
"rice stick",116.4235,"Good"
"mayonnaise",0,"292"
"rice stick",22.77212,"Good"
"yogurt juice",39.43486,"Good"
"black roast coffee",62.42827,"Good"
"chicken spread",81.09427,"Good"
"vanilla cake bar",99.75787,"Good"
"sword pepper",129.7488,"Good"
"canned ham",0,"293"
"misua",19.10114,"Good"
"choco pie",42.43199,"Good"
"bell pepper",68.09784,"Good"
"facial wash",103.4228,"Good"
"prune juice",133.4184,"Good"
"air freshener",0,"294"
"garlic pack",33.77468,"Good"
"frozen bangus",54.43658,"Good"
"bell pepper",77.43091,"Good"
"breakfast cereal",102.7592,"Good"
"cocoa powder",128.0916,"Good"
"nori",0,"295"
"cheddar spread",26.77244,"Good"
"chicken spread",42.1002,"Good"
"vanilla cake bar",63.09512,"Good"
"blueberries",97.75372,"Good"
"whole grain oats",0,"296"
"puto cheese",19.76861,"Good"
"soy milk drink strawberry flavor",41.09693,"Good"
"soy sauce",60.42796,"Good"
"seaweed",90.75345,"Good"
"chicken cutlet",122.4152,"Good"
"caramel latte mix",0,"297"
"oyster sauce",29.10388,"Good"
"vanilla cake bar",53.77172,"Good"
"yogurt juice",83.7648,"Good"
"frozen bangus",113.4286,"Good"
"liquid detergent",157.0893,"Good"
"baby wipes",183.5959,"Good"
"chicken spread",0,"298"
"fries",25.4409,"Good"
"facial wash",74.7655,"Good"
"shampoo",92.42924,"Good"
"mosquito net",107.4222,"Good"
"shampoo",0,"299"
"muffin",40.43832,"Good"
"prune juice",62.43378,"Good"
"mushrooms",77.76232,"Good"
"white cheese",106.0873,"Good"
"cloves",0,"300"
"blueberries",31.44303,"Good"
"shampoo",68.76959,"Good"
"puto cheese",115.0921,"Good"
"nutella",140.4242,"Good"
"hazelnut with cocoa spread",0,"301"
"chicken spread",16.09452,"Good"
"caramel latte mix",34.76359,"Good"
"whitening lotion",67.09188,"Good"
"choco pie",92.75373,"Good"
"fries",126.0785,"Good"
"blueberries",154.155,"Good"
"mosquito net",0,"302"
"toilet papers",23.10586,"Good"
"prune juice",53.7649,"Good"
"hazelnut with cocoa spread",78.4258,"Good"
"canned ham",104.4225,"Good"
"watermelon",132.0812,"Good"
"chicken cutlet",0,"303"
"rice stick",24.4389,"Good"
"nori",39.76417,"Good"
"shampoo",55.75953,"Good"
"baby wipes",86.41744,"Good"
"facial wash",101.4106,"Good"
"paper plates",121.0732,"Good"
"whitening lotion",0,"304"
"liquid detergent",21.77112,"Good"
"pain relief oil",40.09803,"Good"
"tacchino",75.41938,"Good"
"sword pepper",93.07913,"Good"
"misua",131.7414,"Good"
"cocoa powder",167.2491,"Good"
"fries",0,"305"
"white cheese",20.10234,"Good"
"blueberries",39.09862,"Good"
"cotton buds",72.42196,"Good"
"facial wash",90.41513,"Good"
"baby wipes",105.4066,"Good"
"rice stick",135.0656,"Good"
"cotton buds",0,"306"
"shampoo",16.09753,"Good"
"watermelon",55.42635,"Good"
"soy sauce",81.42152,"Good"
"mayonnaise",103.4178,"Good"
"muffin",132.0821,"Good"
"mosquito net",0,"307"
"nori",31.77366,"Good"
"fries",62.43308,"Good"
"grapes",88.42865,"Good"
"watermelon",101.7566,"Good"
"chicken spread",130.7506,"Good"
"hazelnut with cocoa spread",147.5907,"Good"
"oyster sauce",0,"308"
"mushrooms",15.42843,"Good"
"cloves",37.42874,"Good"
"bell pepper",56.75898,"Good"
"deodorant",96.75046,"Good"
"pet shampoo",119.7417,"Good"
"chicken spread",152.9899,"Good"
"ramen",0,"309"
"nori",17.76329,"Good"
"vanilla cake bar",41.76206,"Good"
"puto cheese",57.09309,"Good"
"baby wipes",91.74871,"Good"
"prune juice",0,"310"
"whole grain oats",15.42773,"Good"
"puto cheese",37.09501,"Good"
"shampoo",70.41676,"Good"
"watermelon",111.7393,"Good"
"soy sauce",0,"311"
"prune juice",21.10035,"Good"
"rejuvenating serum",49.75948,"Good"
"canned ham",78.75291,"Good"
"imported drinks",99.74512,"Good"
"cocoa powder",115.7428,"Good"
"bell pepper",0,"312"
"chicken cutlet",20.43338,"Good"
"soy milk drink strawberry flavor",50.76191,"Good"
"cheddar spread",73.42641,"Good"
"chicken spread",88.75565,"Good"
"choco pie",114.7467,"Good"
"rice stick",139.0765,"Good"
"soy sauce",0,"313"
"cheddar spread",21.10325,"Good"
"ramen",43.10046,"Good"
"cloves",67.76377,"Good"
"watermelon",93.76015,"Good"
"shampoo",0,"314"
"frozen bangus",40.10389,"Good"
"puto cheese",66.43298,"Good"
"black roast coffee",81.75942,"Good"
"seaweed",101.7559,"Good"
"canned ham",118.0806,"Good"
"blueberries",0,"315"
"rejuvenating serum",37.44146,"Good"
"dishwashing liquid",61.77184,"Good"
"oyster sauce",92.09533,"Good"
"chocolate cake bar",118.4238,"Good"
"hazelnut with cocoa spread",155.9027,"Good"
"wheat sesame",178.7458,"Good"
"oyster sauce",0,"316"
"soy sauce",15.42632,"Good"
"blueberries",54.42319,"Good"
"baby wipes",88.41496,"Good"
"rejuvenating serum",104.7428,"Good"
"whitening lotion",120.0722,"Good"
"facial wash",0,"317"
"rejuvenating serum",16.43146,"Good"
"nutella",49.42894,"Good"
"canned ham",66.08925,"Good"
"vanilla cake bar",89.08826,"Good"
"cheddar spread",0,"318"
"grapes",25.4352,"Good"
"sword pepper",44.10173,"Good"
"paper plates",87.42278,"Good"
"choco pie",119.0794,"Good"
"puto cheese",0,"319"
"frozen bangus",28.10918,"Good"
"sword pepper",57.77317,"Good"
"deodorant",93.09951,"Good"
"ramen",119.4293,"Good"
"rice stick",139.328,"Good"
"nori",155.4995,"Good"
"baby wipes",0,"320"
"pet shampoo",20.76961,"Good"
"liquid detergent",37.09283,"Good"
"yogurt juice",71.41733,"Good"
"nori",91.08287,"Good"
"white cheese",0,"321"
"onion",21.77262,"Good"
"milk tea",51.1037,"Good"
"canned ham",76.43124,"Good"
"toilet papers",108.7596,"Good"
"chicken spread",150.7508,"Good"
"whole grain oats",176.5949,"Good"
"mushrooms",0,"322"
"seaweed",20.77071,"Good"
"sword pepper",45.76677,"Good"
"pain relief oil",79.08851,"Good"
"pet shampoo",96.75226,"Good"
"puto cheese",0,"323"
"cotton buds",32.77662,"Good"
"pain relief oil",48.10196,"Good"
"nori",76.42975,"Good"
"blueberries",94.75814,"Good"
"prune juice",0,"324"
"hazelnut with cocoa spread",24.76943,"Good"
"deodorant",71.42398,"Good"
"dishwashing liquid",97.75566,"Good"
"blueberries",138.7404,"Good"
"chicken cutlet",166.2455,"Good"
"ramen",194.7502,"Good"
"wheat sesame",0,"325"
"hazelnut with cocoa spread",20.43898,"Good"
"deodorant",66.43491,"Good"
"cloves",110.7612,"Good"
"chicken cutlet",134.7546,"Good"
"milk tea",163.9288,"Good"
"onion",0,"326"
"rejuvenating serum",46.1053,"Good"
"pet shampoo",68.76431,"Good"
"soy sauce",106.4282,"Good"
"oyster sauce",144.4176,"Good"
"nutella",179.9249,"Good"
"nori",205.4335,"Good"
"watermelon",0,"327"
"cayenne pepper",29.44192,"Good"
"fries",52.10106,"Good"
"soy sauce",81.4294,"Good"
"deodorant",119.4196,"Good"
"air freshener",145.3123,"Good"
"rice stick",181.1499,"Good"
"milk tea",0,"328"
"chocolate cake bar",16.09462,"Good"
"baby wipes",44.7618,"Good"
"soy milk drink strawberry flavor",80.41747,"Good"
"muffin",98.41493,"Good"
"blueberries",0,"329"
"grapes",13.42917,"Good"
"cayenne pepper",39.43594,"Good"
"baby wipes",76.09145,"Good"
"rejuvenating serum",91.75581,"Good"
"mayonnaise",0,"330"
"mushrooms",21.77002,"Good"
"choco pie",45.76442,"Good"
"rejuvenating serum",71.7576,"Good"
"baby wipes",88.08588,"Good"
"air freshener",110.0811,"Good"
"onion",144.4061,"Good"
"imported drinks",0,"331"
"misua",15.42352,"Good"
"mosquito net",44.7561,"Good"
"air freshener",68.41515,"Good"
"paper plates",84.74253,"Good"
"sword pepper",121.7344,"Good"
"caramel latte mix",148.8071,"Good"
"breakfast cereal",0,"332"
"pet shampoo",26.10647,"Good"
"grapes",63.09524,"Good"
"white cheese",81.09222,"Good"
"yogurt juice",96.75586,"Good"
"mushrooms",119.4176,"Good"
"imported drinks",135.6466,"Good"
"oyster sauce",0,"333"
"facial wash",39.44216,"Good"
"canned ham",69.77055,"Good"
"nori",91.43191,"Good"
"imported drinks",106.7569,"Good"
"chicken cutlet",0,"334"
"whitening lotion",45.77738,"Good"
"nutella",77.43623,"Good"
"choco pie",102.4303,"Good"
"oyster sauce",125.4296,"Good"
"soy sauce",141.1218,"Good"
"prune juice",159.967,"Good"
"nutella",0,"335"
"facial wash",33.77868,"Good"
"pet shampoo",62.77289,"Good"
"liquid detergent",80.43544,"Good"
"fries",126.0884,"Good"
"whole grain oats",0,"336"
"misua",28.77715,"Good"
"mayonnaise",59.4398,"Good"
"wheat sesame",78.0969,"Good"
"cloves",96.42579,"Good"
"frozen bangus",117.7497,"Good"
"ramen",153.5147,"Good"
"chocolate cake bar",0,"337"
"chicken spread",18.09623,"Good"
"cloves",34.09256,"Good"
"sword pepper",60.75646,"Good"
"onion",83.08195,"Good"
"cotton buds",118.4045,"Good"
"canned ham",145.888,"Good"
"toilet papers",0,"338"
"garlic pack",40.76933,"Good"
"onion",62.09317,"Good"
"chocolate cake bar",91.4231,"Good"
"nori",108.7523,"Good"
"puto cheese",135.4111,"Good"
"onion",0,"339"
"cotton buds",46.1073,"Good"
"deodorant",65.44003,"Good"
"mosquito net",82.43156,"Good"
"air freshener",110.0948,"Good"
"ramen",145.7548,"Good"
"rice stick",170.5942,"Good"
"facial wash",0,"340"
"dishwashing liquid",25.10556,"Good"
"bell pepper",61.43029,"Good"
"nori",85.42656,"Good"
"rice stick",100.7518,"Good"
"cocoa powder",0,"341"
"mayonnaise",20.43718,"Good"
"black roast coffee",40.10126,"Good"
"hazelnut with cocoa spread",58.76076,"Good"
"chicken cutlet",85.42196,"Good"
"air freshener",0,"342"
"misua",32.44021,"Good"
"caramel latte mix",62.43208,"Good"
"black roast coffee",77.4248,"Good"
"nutella",97.42136,"Good"
"choco pie",120.4194,"Good"
"grapes",148.3896,"Good"
"mosquito net",0,"343"
"deodorant",16.09883,"Good"
"dishwashing liquid",39.09852,"Good"
"garlic pack",68.09384,"Good"
"yogurt juice",90.75445,"Good"
"bell pepper",107.754,"Good"
"mayonnaise",132.4156,"Good"
"yogurt juice",0,"344"
"fries",22.43779,"Good"
"potato chips",55.09504,"Good"
"imported drinks",75.75904,"Good"
"pain relief oil",103.7529,"Good"
"rejuvenating serum",118.7456,"Good"
"liquid detergent",139.2562,"Good"
"cayenne pepper",0,"345"
"watermelon",25.436,"Good"
"potato chips",50.43305,"Good"
"shampoo",74.76363,"Good"
"toilet papers",109.4212,"Good"
"liquid detergent",128.7542,"Good"
"breakfast cereal",155.2591,"Good"
"cotton buds",0,"346"
"rejuvenating serum",18.7664,"Good"
"chicken cutlet",63.75616,"Good"
"frozen bangus",84.75247,"Good"
"misua",125.0755,"Good"
"nutella",161.7371,"Good"
"choco pie",186.9119,"Good"
"white cheese",0,"347"
"frozen bangus",24.43879,"Good"
"watermelon",54.76422,"Good"
"shampoo",86.08945,"Good"
"paper plates",108.42,"Good"
"seaweed",139.0833,"Good"
"liquid detergent",0,"348"
"shampoo",15.42943,"Good"
"chicken spread",49.42364,"Good"
"cloves",66.75358,"Good"
"sword pepper",98.07671,"Good"
"fries",0,"349"
"dishwashing liquid",35.43906,"Good"
"breakfast cereal",59.09882,"Good"
"vanilla cake bar",78.43225,"Good"
"nutella",101.0948,"Good"
"cotton buds",0,"350"
"paper plates",15.09215,"Good"
"oyster sauce",42.76172,"Good"
"yogurt juice",62.75969,"Good"
"sword pepper",81.4222,"Good"
"yogurt juice",0,"351"
"soy sauce",24.4387,"Good"
"oyster sauce",39.76696,"Good"
"whitening lotion",78.42017,"Good"
"toilet papers",100.7505,"Good"
"wheat sesame",137.409,"Good"
"whitening lotion",0,"352"
"pain relief oil",18.43467,"Good"
"deodorant",38.76151,"Good"
"air freshener",65.0937,"Good"
"chocolate cake bar",103.4222,"Good"
"watermelon",135.4131,"Good"
"rice stick",157.2569,"Good"
"blueberries",0,"353"
"chicken cutlet",28.10888,"Good"
"deodorant",77.76457,"Good"
"pain relief oil",98.09446,"Good"
"dishwashing liquid",119.4173,"Good"
"breakfast cereal",147.9828,"Good"
"prune juice",160.4962,"Good"
"rejuvenating serum",0,"354"
"cheddar spread",42.44022,"Good"
"rice stick",65.77285,"Good"
"canned ham",87.4386,"Good"
"milk tea",113.0999,"Good"
"blueberries",0,"355"
"grapes",13.42807,"Good"
"pain relief oil",45.43415,"Good"
"dishwashing liquid",63.76443,"Good"
"cocoa powder",96.08353,"Good"
"chicken cutlet",0,"356"
"canned ham",27.10748,"Good"
"nori",48.43496,"Good"
"pain relief oil",76.42913,"Good"
"toilet papers",92.76031,"Good"
"mayonnaise",0,"357"
"mosquito net",40.1091,"Good"
"pain relief oil",60.44308,"Good"
"deodorant",78.77148,"Good"
"liquid detergent",102.43,"Good"
"whitening lotion",0,"358"
"mushrooms",29.77525,"Good"
"ramen",46.10307,"Good"
"misua",68.10233,"Good"
"black roast coffee",88.09801,"Good"
"soy sauce",0,"359"
"oyster sauce",16.09802,"Good"
"hazelnut with cocoa spread",38.09896,"Good"
"garlic pack",58.09383,"Good"
"watermelon",84.08599,"Good"
"air freshener",123.0773,"Good"
"cotton buds",0,"360"
"canned ham",20.43828,"Good"
"yogurt juice",46.7653,"Good"
"prune juice",73.42941,"Good"
"whitening lotion",108.423,"Good"
"liquid detergent",133.7499,"Good"
"paper plates",154.9251,"Good"
"misua",0,"361"
"paper plates",39.43796,"Good"
"shampoo",57.76574,"Good"
"ramen",89.75632,"Good"
"frozen bangus",128.7473,"Good"
"cotton buds",0,"362"
"cocoa powder",19.43808,"Good"
"cheddar spread",43.76445,"Good"
"caramel latte mix",60.42845,"Good"
"facial wash",94.08231,"Good"
"blueberries",0,"363"
"potato chips",26.10907,"Good"
"mayonnaise",48.43948,"Good"
"ramen",64.09814,"Good"
"rejuvenating serum",93.7586,"Good"
"paper plates",114.7531,"Good"
"pet shampoo",0,"364"
"chocolate cake bar",29.77455,"Good"
"chicken spread",47.77236,"Good"
"muffin",65.10059,"Good"
"hazelnut with cocoa spread",80.42973,"Good"
"grapes",107.0883,"Good"
"cayenne pepper",130.4211,"Good"
"seaweed",0,"365"
"imported drinks",21.10365,"Good"
"breakfast cereal",41.09975,"Good"
"cheddar spread",59.76845,"Good"
"black roast coffee",76.42485,"Good"
"cayenne pepper",94.42042,"Good"
"whitening lotion",129.0779,"Good"
"yogurt juice",0,"366"
"nori",15.42883,"Good"
"muffin",40.09357,"Good"
"watermelon",66.08904,"Good"
"cloves",89.08956,"Good"
"rejuvenating serum",123.075,"Good"
"cloves",0,"367"
"soy sauce",31.1118,"Good"
"mushrooms",60.43826,"Good"
"imported drinks",83.43069,"Good"
"pain relief oil",120.7605,"Good"
"chicken spread",0,"368"
"choco pie",26.77174,"Good"
"ramen",47.7715,"Good"
"yogurt juice",66.76982,"Good"
"pet shampoo",99.42543,"Good"
"toilet papers",115.7539,"Good"
"onion",151.0791,"Good"
"mayonnaise",0,"369"
"whitening lotion",41.44416,"Good"
"pet shampoo",64.43718,"Good"
"toilet papers",80.75957,"Good"
"potato chips",112.0826,"Good"
"soy sauce",0,"370"
"prune juice",21.43928,"Good"
"cheddar spread",40.76635,"Good"
"vanilla cake bar",61.42135,"Good"
"puto cheese",76.74938,"Good"
"onion",100.075,"Good"
"mosquito net",142.7348,"Good"
"oyster sauce",0,"371"
"soy sauce",13.42277,"Good"
"mayonnaise",39.42921,"Good"
"soy milk drink strawberry flavor",62.097,"Good"
"mushrooms",82.09268,"Good"
"canned ham",97.08659,"Good"
"cocoa powder",123.7498,"Good"
"caramel latte mix",0,"372"
"dishwashing liquid",26.44091,"Good"
"white cheese",64.76453,"Good"
"canned ham",93.09013,"Good"
"nutella",108.7486,"Good"
"breakfast cereal",0,"373"
"soy milk drink strawberry flavor",16.76269,"Good"
"choco pie",41.43264,"Good"
"shampoo",67.09419,"Good"
"white cheese",89.7608,"Good"
"nutella",0,"374"
"oyster sauce",20.77231,"Good"
"grapes",45.43056,"Good"
"wheat sesame",70.75899,"Good"
"black roast coffee",86.41824,"Good"
"muffin",105.7466,"Good"
"yogurt juice",0,"375"
"nutella",21.10615,"Good"
"misua",43.43017,"Good"
"frozen bangus",72.7583,"Good"
"onion",93.08799,"Good"
"soy milk drink strawberry flavor",119.7541,"Good"
"rejuvenating serum",153.0101,"Good"
"cotton buds",0,"376"
"cocoa powder",18.768,"Good"
"caramel latte mix",42.09647,"Good"
"liquid detergent",67.76042,"Good"
"toilet papers",86.0867,"Good"
"paper plates",99.41634,"Good"
"garlic pack",133.7401,"Good"
"cayenne pepper",0,"377"
"seaweed",24.76893,"Good"
"nori",45.10135,"Good"
"prune juice",66.42728,"Good"
"wheat sesame",83.09178,"Good"
"deodorant",116.7467,"Good"
"paper plates",0,"378"
"liquid detergent",18.43537,"Good"
"mosquito net",43.43253,"Good"
"baby wipes",59.75872,"Good"
"misua",95.75109,"Good"
"grapes",131.7388,"Good"
"milk tea",150.5798,"Good"
"tacchino",0,"379"
"mosquito net",39.43856,"Good"
"liquid detergent",66.43069,"Good"
"misua",97.4241,"Good"
"hazelnut with cocoa spread",124.0827,"Good"
"cloves",0,"380"
"caramel latte mix",18.09823,"Good"
"baby wipes",49.09812,"Good"
"pain relief oil",66.42236,"Good"
"dishwashing liquid",84.75564,"Good"
"mushrooms",106.415,"Good"
"blueberries",0,"381"
"garlic pack",24.77183,"Good"
"seaweed",48.76933,"Good"
"wheat sesame",69.09792,"Good"
"black roast coffee",84.09634,"Good"
"baby wipes",116.7525,"Good"
"pet shampoo",137.7807,"Good"
"oyster sauce",0,"382"
"choco pie",24.77774,"Good"
"potato chips",40.44021,"Good"
"watermelon",68.7702,"Good"
"onion",95.0984,"Good"
"wheat sesame",116.4261,"Good"
"pain relief oil",0,"383"
"whitening lotion",18.43637,"Good"
"muffin",65.42576,"Good"
"breakfast cereal",89.42173,"Good"
"nori",114.7483,"Good"
"imported drinks",130.0739,"Good"
"frozen bangus",0,"384"
"cotton buds",50.43811,"Good"
"whitening lotion",69.76456,"Good"
"baby wipes",84.75657,"Good"
"mushrooms",121.7454,"Good"
"cocoa powder",0,"385"
"toilet papers",36.77233,"Good"
"prune juice",66.76661,"Good"
"whole grain oats",82.09335,"Good"
"wheat sesame",101.0897,"Good"
"sword pepper",130.0841,"Good"
"rejuvenating serum",0,"386"
"deodorant",17.10373,"Good"
"cheddar spread",62.09887,"Good"
"hazelnut with cocoa spread",81.42142,"Good"
"grapes",114.0799,"Good"
"imported drinks",134.0774,"Good"
"toilet papers",0,"387"
"soy sauce",33.44286,"Good"
"nori",52.10387,"Good"
"chocolate cake bar",69.76872,"Good"
"cloves",99.42458,"Good"
"wheat sesame",117.4206,"Good"
"mushrooms",0,"388"
"bell pepper",19.42967,"Good"
"whitening lotion",53.42525,"Good"
"facial wash",68.41726,"Good"
"liquid detergent",90.74714,"Good"
"canned ham",0,"389"
"chicken cutlet",27.10407,"Good"
"pain relief oil",66.75958,"Good"
"mosquito net",87.08747,"Good"
"liquid detergent",112.7486,"Good"
"potato chips",0,"390"
"rice stick",25.77374,"Good"
"mushrooms",41.43922,"Good"
"cotton buds",56.76396,"Good"
"cocoa powder",77.42896,"Good"
"fries",108.7489,"Good"
"shampoo",0,"391"
"nutella",24.10275,"Good"
"choco pie",47.09681,"Good"
"cocoa powder",70.09442,"Good"
"rejuvenating serum",98.42281,"Good"
"dishwashing liquid",119.7475,"Good"
"blueberries",0,"392"
"frozen bangus",35.44066,"Good"
"whitening lotion",87.76537,"Good"
"pain relief oil",105.4242,"Good"
"liquid detergent",126.4206,"Good"
"white cheese",0,"393"
"cotton buds",42.43922,"Good"
"nutella",75.76376,"Good"
"prune juice",94.76078,"Good"
"caramel latte mix",110.4213,"Good"
"cayenne pepper",0,"394"
"frozen bangus",19.43528,"Good"
"chicken cutlet",38.42819,"Good"
"potato chips",69.42451,"Good"
"soy sauce",91.08187,"Good"
"wheat sesame",109.4114,"Good"
"pain relief oil",137.7416,"Good"
"soy milk drink strawberry flavor",0,"395"
"chocolate cake bar",18.43597,"Good"
"blueberries",47.09602,"Good"
"grapes",60.42396,"Good"
"bell pepper",78.41862,"Good"
"onion",100.7442,"Good"
"mushrooms",122.0766,"Good"
"pet shampoo",0,"396"
"grapes",32.44021,"Good"
"cloves",55.10141,"Good"
"cayenne pepper",66.76466,"Good"
"soy milk drink strawberry flavor",90.77569,"Good"
"puto cheese",110.1057,"Good"
"fries",0,"397"
"onion",18.7661,"Good"
"chocolate cake bar",44.76101,"Good"
"mushrooms",66.08714,"Good"
"nori",88.42282,"Good"
"imported drinks",103.7507,"Good"
"baby wipes",0,"398"
"deodorant",14.76007,"Good"
"air freshener",37.10166,"Good"
"misua",66.76272,"Good"
"chocolate cake bar",90.7562,"Good"
"whitening lotion",0,"399"
"pain relief oil",17.09703,"Good"
"toilet papers",34.09566,"Good"
"breakfast cereal",62.09033,"Good"
"seaweed",82.08579,"Good"
"milk tea",103.084,"Good"
"tacchino",0,"400"
"frozen bangus",23.43649,"Good"
"whitening lotion",70.42326,"Good"
"soy milk drink strawberry flavor",106.7448,"Good"
"muffin",125.0763,"Good"
"hazelnut with cocoa spread",141.0785,"Good"
"seaweed",0,"401"
"potato chips",19.77011,"Good"
"nutella",40.10046,"Good"
"ramen",55.76011,"Good"
"tacchino",82.41832,"Good"
"liquid detergent",116.0733,"Good"
"breakfast cereal",139.071,"Good"
"liquid detergent",0,"402"
"rice stick",31.77206,"Good"
"potato chips",55.76435,"Good"
"muffin",86.42575,"Good"
"wheat sesame",106.4197,"Good"
"chicken spread",0,"403"
"mushrooms",21.43818,"Good"
"choco pie",39.7676,"Good"
"nori",62.4352,"Good"
"paper plates",95.75555,"Good"
"watermelon",132.7438,"Good"
"fries",157.9152,"Good"
"toilet papers",0,"404"
"fries",50.1081,"Good"
"chicken cutlet",66.76971,"Good"
"cheddar spread",93.76053,"Good"
"whole grain oats",115.7542,"Good"
"chocolate cake bar",0,"405"
"hazelnut with cocoa spread",31.77586,"Good"
"wheat sesame",51.77164,"Good"
"black roast coffee",66.76476,"Good"
"pet shampoo",95.76137,"Good"
"whole grain oats",0,"406"
"caramel latte mix",16.09632,"Good"
"cloves",34.42348,"Good"
"whitening lotion",69.74832,"Good"
"shampoo",86.0737,"Good"
"liquid detergent",0,"407"
"wheat sesame",31.10599,"Good"
"watermelon",55.43541,"Good"
"cloves",82.42873,"Good"
"frozen bangus",103.0926,"Good"
"chocolate cake bar",0,"408"
"ramen",17.42776,"Good"
"milk tea",34.09157,"Good"
"oyster sauce",52.75716,"Good"
"vanilla cake bar",72.0819,"Good"
"cloves",93.41433,"Good"
"liquid detergent",123.4029,"Good"
"rejuvenating serum",0,"409"
"shampoo",21.77262,"Good"
"soy milk drink strawberry flavor",55.0981,"Good"
"sword pepper",95.4207,"Good"
"yogurt juice",114.0868,"Good"
"bell pepper",0,"410"
"baby wipes",38.43691,"Good"
"deodorant",53.43312,"Good"
"cheddar spread",93.75282,"Good"
"soy milk drink strawberry flavor",117.7454,"Good"
"prune juice",135.1837,"Good"
"toilet papers",0,"411"
"chicken spread",35.11024,"Good"
"mushrooms",56.43848,"Good"
"seaweed",74.10043,"Good"
"white cheese",103.7584,"Good"
"bell pepper",120.0859,"Good"
"air freshener",0,"412"
"mayonnaise",37.10624,"Good"
"cheddar spread",53.09941,"Good"
"oyster sauce",81.42609,"Good"
"whole grain oats",106.0859,"Good"
"yogurt juice",134.0773,"Good"
"blueberries",152.5855,"Good"
"whitening lotion",0,"413"
"mosquito net",17.09753,"Good"
"misua",54.75831,"Good"
"grapes",90.74989,"Good"
"tacchino",108.7462,"Good"
"white cheese",123.7373,"Good"
"cocoa powder",144.6344,"Good"
"potato chips",0,"414"
"misua",25.10736,"Good"
"wheat sesame",46.43413,"Good"
"garlic pack",64.09448,"Good"
"chicken cutlet",90.09116,"Good"
"tacchino",107.0865,"Good"
"soy sauce",0,"415"
"cotton buds",20.42847,"Good"
"yogurt juice",39.76064,"Good"
"grapes",56.42193,"Good"
"vanilla cake bar",85.74967,"Good"
"dishwashing liquid",0,"416"
"baby wipes",23.77073,"Good"
"soy sauce",55.75884,"Good"
"milk tea",78.75596,"Good"
"hazelnut with cocoa spread",107.4204,"Good"
"cloves",0,"417"
"rejuvenating serum",33.44026,"Good"
"air freshener",52.43708,"Good"
"hazelnut with cocoa spread",83.4279,"Good"
"prune juice",104.7556,"Good"
"grapes",0,"418"
"mayonnaise",25.4353,"Good"
"cheddar spread",50.43505,"Good"
"pain relief oil",86.42143,"Good"
"liquid detergent",106.751,"Good"
"prune juice",0,"419"
"wheat sesame",17.43347,"Good"
"seaweed",39.76315,"Good"
"choco pie",63.4241,"Good"
"potato chips",79.08015,"Good"
"deodorant",104.741,"Good"
"dishwashing liquid",129.7324,"Good"
"soy sauce",0,"420"
"shampoo",22.10375,"Good"
"yogurt juice",40.10006,"Good"
"watermelon",56.76295,"Good"
"black roast coffee",81.75788,"Good"
"seaweed",0,"421"
"cayenne pepper",26.442,"Good"
"garlic pack",38.10228,"Good"
"white cheese",68.10291,"Good"
"vanilla cake bar",99.10044,"Good"
"imported drinks",0,"422"
"yogurt juice",16.76049,"Good"
"white cheese",40.42849,"Good"
"pain relief oil",84.08316,"Good"
"breakfast cereal",114.4147,"Good"
"chicken spread",0,"423"
"soy milk drink strawberry flavor",22.76932,"Good"
"nutella",46.43491,"Good"
"nori",69.10141,"Good"
"garlic pack",95.08898,"Good"
"air freshener",129.083,"Good"
"paper plates",146.925,"Good"
"whitening lotion",0,"424"
"choco pie",25.78024,"Good"
"milk tea",48.11256,"Good"
"watermelon",66.10673,"Good"
"white cheese",84.43081,"Good"
"soy sauce",0,"425"
"black roast coffee",19.7649,"Good"
"choco pie",41.10041,"Good"
"rice stick",64.76476,"Good"
"nori",80.0899,"Good"
"rejuvenating serum",105.4193,"Good"
"facial wash",121.082,"Good"
"misua",0,"426"
"watermelon",21.10084,"Good"
"garlic pack",49.42416,"Good"
"tacchino",77.75415,"Good"
"paper plates",127.41,"Good"
"wheat sesame",165.2435,"Good"
"paper plates",0,"427"
"shampoo",17.10003,"Good"
"whole grain oats",46.43129,"Good"
"prune juice",62.09174,"Good"
"muffin",82.42013,"Good"
"sword pepper",113.0763,"Good"
"air freshener",0,"428"
"sword pepper",39.77288,"Good"
"white cheese",57.09951,"Good"
"soy milk drink strawberry flavor",89.4231,"Good"
"cheddar spread",112.7527,"Good"
"hazelnut with cocoa spread",130.7491,"Good"
"rice stick",157.589,"Good"
"soy sauce",0,"429"
"milk tea",24.10296,"Good"
"nori",37.42933,"Good"
"watermelon",57.42639,"Good"
"dishwashing liquid",94.41083,"Good"
"rejuvenating serum",0,"430"
"canned ham",29.10868,"Good"
"rice stick",48.76738,"Good"
"nutella",70.76395,"Good"
"imported drinks",93.09494,"Good"
"cayenne pepper",117.0893,"Good"
"pain relief oil",0,"431"
"toilet papers",17.766,"Good"
"white cheese",67.75517,"Good"
"yogurt juice",84.75089,"Good"
"rice stick",108.0849,"Good"
"cocoa powder",126.7495,"Good"
"paper plates",0,"432"
"whole grain oats",29.10838,"Good"
"imported drinks",51.77143,"Good"
"sword pepper",73.7647,"Good"
"cayenne pepper",103.0915,"Good"
"mayonnaise",0,"433"
"chicken spread",13.43077,"Good"
"muffin",32.10677,"Good"
"seaweed",55.4374,"Good"
"pain relief oil",82.76394,"Good"
"cayenne pepper",113.76,"Good"
"ramen",0,"434"
"pet shampoo",29.77515,"Good"
"toilet papers",46.10437,"Good"
"air freshener",62.76767,"Good"
"hazelnut with cocoa spread",95.09516,"Good"
"garlic pack",113.0901,"Good"
"bell pepper",134.4239,"Good"
"baby wipes",0,"435"
"dishwashing liquid",22.10385,"Good"
"soy milk drink strawberry flavor",48.43498,"Good"
"black roast coffee",67.76421,"Good"
"cheddar spread",84.42582,"Good"
"cotton buds",0,"436"
"dishwashing liquid",20.76561,"Good"
"canned ham",47.08723,"Good"
"soy sauce",62.75168,"Good"
"hazelnut with cocoa spread",89.41599,"Good"
"deodorant",0,"437"
"liquid detergent",25.10767,"Good"
"imported drinks",57.09907,"Good"
"cayenne pepper",81.76217,"Good"
"hazelnut with cocoa spread",100.424,"Good"
"cheddar spread",118.4191,"Good"
"breakfast cereal",0,"438"
"pain relief oil",32.77782,"Good"
"cayenne pepper",75.43423,"Good"
"tacchino",104.7632,"Good"
"milk tea",132.4212,"Good"
"muffin",0,"439"
"onion",24.76733,"Good"
"facial wash",63.42657,"Good"
"canned ham",93.75446,"Good"
"mushrooms",111.7408,"Good"
"deodorant",0,"440"
"baby wipes",15.09365,"Good"
"liquid detergent",37.76356,"Good"
"sword pepper",75.41663,"Good"
"yogurt juice",92.07972,"Good"
"chocolate cake bar",111.4108,"Good"
"wheat sesame",134.7389,"Good"
"paper plates",0,"441"
"garlic pack",41.77778,"Good"
"oyster sauce",72.43979,"Good"
"hazelnut with cocoa spread",95.4392,"Good"
"cheddar spread",114.767,"Good"
"ramen",139.4301,"Good"
"breakfast cereal",0,"442"
"pain relief oil",31.44093,"Good"
"deodorant",51.10071,"Good"
"rejuvenating serum",68.09722,"Good"
"yogurt juice",106.424,"Good"
"whole grain oats",0,"443"
"caramel latte mix",17.43176,"Good"
"wheat sesame",32.42848,"Good"
"sword pepper",60.75346,"Good"
"chicken cutlet",83.42096,"Good"
"onion",101.0856,"Good"
"fries",119.0819,"Good"
"misua",0,"444"
"chicken spread",27.4363,"Good"
"soy milk drink strawberry flavor",48.76757,"Good"
"cayenne pepper",72.75745,"Good"
"paper plates",106.7494,"Good"
"choco pie",0,"445"
"whitening lotion",24.43319,"Good"
"sword pepper",55.42684,"Good"
"chicken cutlet",76.08784,"Good"
"prune juice",101.747,"Good"
"breakfast cereal",113.4137,"Good"
"liquid detergent",0,"446"
"paper plates",19.76521,"Good"
"potato chips",52.76041,"Good"
"imported drinks",76.75408,"Good"
"nori",92.08232,"Good"
"bell pepper",118.0737,"Good"
"caramel latte mix",139.5381,"Good"
"rice stick",0,"447"
"nutella",25.10506,"Good"
"mosquito net",59.09677,"Good"
"paper plates",82.75552,"Good"
"garlic pack",123.0843,"Good"
"frozen bangus",144.9311,"Good"
"white cheese",0,"448"
"watermelon",18.43697,"Good"
"whitening lotion",48.09798,"Good"
"pet shampoo",69.0929,"Good"
"seaweed",97.42088,"Good"
"chocolate cake bar",0,"449"
"soy sauce",19.43137,"Good"
"shampoo",47.76246,"Good"
"paper plates",78.42346,"Good"
"liquid detergent",96.74954,"Good"
"facial wash",0,"450"
"paper plates",20.09974,"Good"
"fries",60.4255,"Good"
"imported drinks",88.42107,"Good"
"ramen",107.7501,"Good"
"black roast coffee",0,"451"
"cheddar spread",18.10213,"Good"
"yogurt juice",44.10027,"Good"
"onion",67.75962,"Good"
"whitening lotion",113.0837,"Good"
"paper plates",134.7445,"Good"
"sword pepper",0,"452"
"soy milk drink strawberry flavor",40.1085,"Good"
"vanilla cake bar",61.43523,"Good"
"puto cheese",76.76456,"Good"
"canned ham",98.09429,"Good"
"ramen",0,"453"
"puto cheese",28.10888,"Good"
"dishwashing liquid",59.42955,"Good"
"blueberries",99.75185,"Good"
"onion",127.0797,"Good"
"soy sauce",0,"454"
"potato chips",29.44072,"Good"
"imported drinks",50.43846,"Good"
"milk tea",65.76629,"Good"
"cloves",89.76305,"Good"
"mosquito net",127.7518,"Good"
"onion",0,"455"
"chicken cutlet",17.43507,"Good"
"nutella",49.09453,"Good"
"prune juice",68.09295,"Good"
"whole grain oats",83.7538,"Good"
"cayenne pepper",0,"456"
"nori",24.77083,"Good"
"canned ham",46.76563,"Good"
"nutella",62.7658,"Good"
"oyster sauce",81.76302,"Good"
"facial wash",114.4191,"Good"
"breakfast cereal",0,"457"
"sword pepper",30.77586,"Good"
"white cheese",48.76905,"Good"
"potato chips",79.76367,"Good"
"mosquito net",106.4223,"Good"
"pain relief oil",127.4195,"Good"
"air freshener",145.9263,"Good"
"milk tea",0,"458"
"imported drinks",15.42933,"Good"
"choco pie",39.42704,"Good"
"fries",73.75474,"Good"
"whole grain oats",103.08,"Good"
"puto cheese",123.0724,"Good"
"toilet papers",156.2477,"Good"
"chocolate cake bar",0,"459"
"oyster sauce",25.4392,"Good"
"seaweed",46.76367,"Good"
"whitening lotion",79.08826,"Good"
"toilet papers",100.7474,"Good"
"mosquito net",0,"460"
"whitening lotion",17.7668,"Good"
"cocoa powder",48.09697,"Good"
"watermelon",64.76387,"Good"
"garlic pack",90.42552,"Good"
"deodorant",0,"461"
"paper plates",19.76711,"Good"
"imported drinks",53.42564,"Good"
"soy milk drink strawberry flavor",78.75768,"Good"
"vanilla cake bar",98.08801,"Good"
"black roast coffee",114.7447,"Good"
"hazelnut with cocoa spread",0,"462"
"baby wipes",40.1049,"Good"
"rejuvenating serum",55.76244,"Good"
"air freshener",75.09417,"Good"
"milk tea",106.7569,"Good"
"grapes",0,"463"
"watermelon",11.76579,"Good"
"mosquito net",48.47336,"Good"
"soy milk drink strawberry flavor",92.12791,"Good"
"breakfast cereal",109.4553,"Good"
"puto cheese",129.12,"Good"
"cotton buds",0,"464"
"sword pepper",37.10854,"Good"
"blueberries",52.43597,"Good"
"yogurt juice",69.76571,"Good"
"cheddar spread",93.42506,"Good"
"potato chips",120.7595,"Good"
"seaweed",141.7526,"Good"
"mosquito net",0,"465"
"chocolate cake bar",46.43832,"Good"
"misua",73.10233,"Good"
"prune juice",102.4338,"Good"
"hazelnut with cocoa spread",127.0942,"Good"
"garlic pack",148.2506,"Good"
"ramen",175.7578,"Good"
"cayenne pepper",0,"466"
"whole grain oats",21.43529,"Good"
"wheat sesame",39.43359,"Good"
"vanilla cake bar",57.09443,"Good"
"rejuvenating serum",91.0875,"Good"
"imported drinks",118.741,"Good"
"canned ham",138.9277,"Good"
"blueberries",0,"467"
"grapes",13.42717,"Good"
"bell pepper",31.43431,"Good"
"nori",53.09431,"Good"
"facial wash",79.75661,"Good"
"air freshener",101.4231,"Good"
"rejuvenating serum",0,"468"
"whitening lotion",15.09715,"Good"
"oyster sauce",47.42722,"Good"
"soy milk drink strawberry flavor",67.42719,"Good"
"chicken spread",89.42577,"Good"
"muffin",106.7515,"Good"
"black roast coffee",124.7521,"Good"
"cotton buds",0,"469"
"nori",19.43638,"Good"
"milk tea",32.76531,"Good"
"vanilla cake bar",63.42552,"Good"
"air freshener",99.4157,"Good"
"baby wipes",0,"470"
"cotton buds",16.42355,"Good"
"chicken cutlet",56.41609,"Good"
"onion",73.41561,"Good"
"bell pepper",95.41019,"Good"
"soy sauce",117.071,"Good"
"rejuvenating serum",0,"471"
"soy sauce",35.77448,"Good"
"mushrooms",57.10572,"Good"
"garlic pack",81.09669,"Good"
"cayenne pepper",92.76243,"Good"
"bell pepper",113.4414,"Good"
"caramel latte mix",0,"472"
"cheddar spread",16.42626,"Good"
"soy milk drink strawberry flavor",38.42739,"Good"
"frozen bangus",65.75783,"Good"
"baby wipes",108.7445,"Good"
"whitening lotion",0,"473"
"nori",32.44131,"Good"
"canned ham",57.10521,"Good"
"prune juice",74.09773,"Good"
"soy milk drink strawberry flavor",92.095,"Good"
"wheat sesame",115.4212,"Good"
"pain relief oil",0,"474"
"mosquito net",20.42998,"Good"
"toilet papers",41.43033,"Good"
"chocolate cake bar",74.75397,"Good"
"chicken cutlet",103.4168,"Good"
"paper plates",0,"475"
"mayonnaise",34.43891,"Good"
"whole grain oats",57.10231,"Good"
"oyster sauce",79.4251,"Good"
"garlic pack",105.4209,"Good"
"cayenne pepper",120.7529,"Good"
"imported drinks",145.0849,"Good"
"whitening lotion",0,"476"
"potato chips",25.10316,"Good"
"nori",46.76715,"Good"
"choco pie",70.75863,"Good"
"cloves",100.7576,"Good"
"white cheese",128.0799,"Good"
"pain relief oil",0,"477"
"choco pie",25.77093,"Good"
"nutella",46.76909,"Good"
"vanilla cake bar",68.42834,"Good"
"white cheese",94.75623,"Good"
"soy sauce",0,"478"
"baby wipes",38.43971,"Good"
"toilet papers",58.09866,"Good"
"shampoo",76.09922,"Good"
"potato chips",105.7596,"Good"
"facial wash",0,"479"
"rejuvenating serum",16.42565,"Good"
"ramen",42.09147,"Good"
"canned ham",61.75422,"Good"
"oyster sauce",78.0777,"Good"
"hazelnut with cocoa spread",101.0752,"Good"
"bell pepper",129.0708,"Good"
"prune juice",0,"480"
"misua",28.77315,"Good"
"wheat sesame",62.09962,"Good"
"sword pepper",91.09184,"Good"
"grapes",110.0891,"Good"
"nori",129.4259,"Good"
"blueberries",0,"481"
"bell pepper",17.42946,"Good"
"baby wipes",55.76077,"Good"
"pet shampoo",78.08815,"Good"
"imported drinks",111.742,"Good"
"misua",127.4003,"Good"
"vanilla cake bar",152.9078,"Good"
"hazelnut with cocoa spread",0,"482"
"deodorant",43.43707,"Good"
"whitening lotion",58.42969,"Good"
"paper plates",78.75877,"Good"
"pet shampoo",95.75198,"Good"
"toilet papers",0,"483"
"dishwashing liquid",18.09943,"Good"
"black roast coffee",43.75936,"Good"
"chicken cutlet",67.75563,"Good"
"bell pepper",85.41859,"Good"
"chicken cutlet",0,"484"
"rejuvenating serum",47.77269,"Good"
"chocolate cake bar",90.76321,"Good"
"mayonnaise",110.0898,"Good"
"breakfast cereal",134.7565,"Good"
"whole grain oats",150.9296,"Good"
"imported drinks",176.4384,"Good"
"fries",0,"485"
"ramen",30.10489,"Good"
"choco pie",52.44211,"Good"
"nutella",75.43814,"Good"
"chicken spread",100.4299,"Good"
"rejuvenating serum",137.4196,"Good"
"whitening lotion",153.2571,"Good"
"chocolate cake bar",0,"486"
"nutella",22.76722,"Good"
"white cheese",54.75904,"Good"
"chicken cutlet",72.42378,"Good"
"cheddar spread",96.75117,"Good"
"hazelnut with cocoa spread",114.7479,"Good"
"facial wash",158.7358,"Good"
"blueberries",0,"487"
"chocolate cake bar",16.09953,"Good"
"cocoa powder",31.42879,"Good"
"mushrooms",50.42535,"Good"
"deodorant",83.75878,"Good"
"air freshener",106.7536,"Good"
"mayonnaise",0,"488"
"soy milk drink strawberry flavor",23.10396,"Good"
"caramel latte mix",43.7703,"Good"
"baby wipes",82.75793,"Good"
"choco pie",113.0836,"Good"
"cotton buds",0,"489"
"pain relief oil",30.78046,"Good"
"chicken spread",64.10323,"Good"
"black roast coffee",82.43252,"Good"
"watermelon",105.7534,"Good"
"whitening lotion",0,"490"
"onion",37.77178,"Good"
"white cheese",57.1034,"Good"
"yogurt juice",72.76556,"Good"
"wheat sesame",95.42926,"Good"
"ramen",115.0871,"Good"
"milk tea",0,"491"
"choco pie",22.10135,"Good"
"whole grain oats",43.09639,"Good"
"hazelnut with cocoa spread",64.08162,"Good"
"cayenne pepper",82.07788,"Good"
"pet shampoo",0,"492"
"bell pepper",33.77408,"Good"
"mayonnaise",58.77029,"Good"
"choco pie",81.76881,"Good"
"seaweed",104.7634,"Good"
"vanilla cake bar",129.4299,"Good"
"dishwashing liquid",0,"493"
"breakfast cereal",25.10546,"Good"
"oyster sauce",49.76899,"Good"
"puto cheese",74.09778,"Good"
"milk tea",98.75848,"Good"
"hazelnut with cocoa spread",0,"494"
"muffin",15.42793,"Good"
"cloves",36.09857,"Good"
"fries",56.76018,"Good"
"air freshener",94.75036,"Good"
"milk tea",127.7397,"Good"
"sword pepper",0,"495"
"frozen bangus",28.44562,"Good"
"chicken cutlet",48.1068,"Good"
"mosquito net",87.76167,"Good"
"toilet papers",108.0913,"Good"
"mushrooms",0,"496"
"paper plates",35.43946,"Good"
"air freshener",53.10001,"Good"
"chicken cutlet",97.42361,"Good"
"fries",114.4186,"Good"
"nori",0,"497"
"potato chips",19.7609,"Good"
"cocoa powder",39.76045,"Good"
"air freshener",70.75347,"Good"
"sword pepper",106.4083,"Good"
"chicken cutlet",127.4015,"Good"
"frozen bangus",0,"498"
"yogurt juice",26.44141,"Good"
"whole grain oats",55.10404,"Good"
"vanilla cake bar",76.43217,"Good"
"milk tea",103.0915,"Good"
"liquid detergent",136.4111,"Good"
"pet shampoo",0,"499"
"whole grain oats",26.44241,"Good"
"vanilla cake bar",47.43976,"Good"
"mushrooms",67.43702,"Good"
"sword pepper",95.4322,"Good"
"watermelon",110.7652,"Good"
"vanilla cake bar",0,"500"
"chicken spread",19.76791,"Good"
"chocolate cake bar",39.10342,"Good"
"air freshener",73.75924,"Good"
"cocoa powder",111.414,"Good"
