vanilla cake bar,0,1
breakfast cereal,17.59132,Good
cheddar spread,34.07836,Good
cloves,47.91972,Good
blueberries,71.51753,Good
watermelon,82.77907,Good
cheddar spread,0,2
soy milk drink strawberry flavor,23.11467,Good
rice stick,47.14253,Good
cocoa powder,63.39799,Good
white cheese,85.01156,Good
blueberries,0,3
tacchino,17.55829,Good
caramel latte mix,48.97675,Good
breakfast cereal,64.62193,Good
hazelnut with cocoa spread,85.9341,Good
whole grain oats,106.2474,Good
frozen bangus,0,4
bell pepper,23.7548,Good
seaweed,52.40277,Good
rice stick,76.71748,Good
vanilla cake bar,100.6975,Good
dishwashing liquid,0,5
facial wash,25.08883,Good
pain relief oil,44.06792,Good
chocolate cake bar,79.71332,Good
puto cheese,95.02288,Good
chicken cutlet,123.0005,Good
black roast coffee,0,6
whole grain oats,17.39129,Good
yogurt juice,45.68993,Good
rice stick,67.99865,Good
rejuvenating serum,98.64539,Good
pet shampoo,118.956,Good
paper plates,135.4702,Good
whole grain oats,0,7
ramen,19.0813,Good
nori,41.06395,Good
choco pie,63.70578,Good
frozen bangus,97.34917,Good
vanilla cake bar,0,8
bell pepper,26.75901,Good
onion,41.40288,Good
milk tea,70.02976,Good
mushrooms,88.67199,Good
white cheese,0,9
whitening lotion,37.75986,Good
rejuvenating serum,52.38533,Good
black roast coffee,85.36318,Good
muffin,103.3418,Good
imported drinks,129.6354,Good
nutella,153.793,Good
shampoo,0,10
ramen,27.42158,Good
mayonnaise,44.73318,Good
wheat sesame,67.69888,Good
cayenne pepper,84.67742,Good
tacchino,112.3226,Good
onion,131.9669,Good
pet shampoo,0,11
facial wash,25.08623,Good
mosquito net,42.06761,Good
yogurt juice,81.04407,Good
rice stick,103.3557,Good
soy milk drink strawberry flavor,0,12
chicken spread,22.41315,Good
black roast coffee,41.73156,Good
bell pepper,71.70727,Good
yogurt juice,87.99702,Good
grapes,104.3089,Good
rice stick,124.2859,Good
cayenne pepper,0,13
chicken cutlet,23.75189,Good
whitening lotion,66.06266,Good
puto cheese,103.7025,Good
choco pie,129.0131,Good
nutella,153.5053,Good
prune juice,0,14
grapes,28.75862,Good
sword pepper,48.06632,Good
fries,77.37839,Good
cotton buds,130.0164,Good
pain relief oil,146.5073,Good
facial wash,166.9962,Good
soy sauce,0,15
potato chips,24.42677,Good
cotton buds,52.0649,Good
baby wipes,89.69093,Good
breakfast cereal,124.6642,Good
ramen,0,16
liquid detergent,30.76163,Good
facial wash,54.40806,Good
rejuvenating serum,70.05454,Good
cloves,105.7008,Good
vanilla cake bar,127.01,Good
oyster sauce,0,17
chicken spread,23.42417,Good
cayenne pepper,38.73387,Good
fries,59.04609,Good
bell pepper,83.02579,Good
white cheese,0,18
frozen bangus,23.08512,Good
facial wash,66.06212,Good
mosquito net,82.37374,Good
black roast coffee,116.6848,Good
nutella,136.0235,Good
mushrooms,157.1793,Good
dishwashing liquid,0,19
mayonnaise,29.75812,Good
ramen,55.05497,Good
nutella,70.01346,Good
frozen bangus,98.99252,Good
white cheese,121.9711,Good
caramel latte mix,0,20
misua,33.76356,Good
yogurt juice,81.06885,Good
cayenne pepper,108.7114,Good
deodorant,156.688,Good
mosquito net,174.5155,Good
soy sauce,0,21
breakfast cereal,23.42096,Good
oyster sauce,50.73377,Good
seaweed,86.70869,Good
nutella,101.6884,Good
white cheese,136.6689,Good
nori,0,22
seaweed,23.42196,Good
rice stick,50.39895,Good
bell pepper,74.37785,Good
black roast coffee,97.02498,Good
air freshener,129.3343,Good
caramel latte mix,0,23
soy sauce,19.74688,Good
black roast coffee,40.39482,Good
pain relief oil,70.36993,Good
sword pepper,105.344,Good
cayenne pepper,133.9914,Good
cotton buds,0,24
yogurt juice,36.42519,Good
chocolate cake bar,53.06992,Good
breakfast cereal,82.37939,Good
muffin,105.6941,Good
fries,136.0006,Good
ramen,0,25
canned ham,19.41665,Good
sword pepper,47.06206,Good
cloves,73.70959,Good
fries,93.02126,Good
mosquito net,132.9953,Good
cheddar spread,170.1518,Good
misua,0,26
whitening lotion,29.42389,Good
pet shampoo,50.40527,Good
onion,84.04845,Good
chicken spread,105.0278,Good
muffin,122.3392,Good
canned ham,0,27
chocolate cake bar,27.09325,Good
cheddar spread,55.73382,Good
baby wipes,99.71172,Good
frozen bangus,154.684,Good
tacchino,181.173,Good
hazelnut with cocoa spread,0,28
breakfast cereal,21.08972,Good
shampoo,40.05304,Good
deodorant,69.36012,Good
fries,107.6711,Good
frozen bangus,123.6486,Good
bell pepper,145.1882,Good
deodorant,0,29
rejuvenating serum,16.42214,Good
dishwashing liquid,38.07011,Good
nutella,65.71479,Good
bell pepper,90.69375,Good
onion,105.3357,Good
shampoo,0,30
dishwashing liquid,25.7548,Good
sword pepper,65.39854,Good
onion,89.37724,Good
whole grain oats,114.0173,Good
cayenne pepper,0,31
whitening lotion,44.75891,Good
pet shampoo,68.4052,Good
cocoa powder,108.7154,Good
hazelnut with cocoa spread,142.3608,Good
rejuvenating serum,0,32
misua,38.4299,Good
cloves,71.07134,Good
nori,97.71758,Good
ramen,117.025,Good
ramen,0,33
canned ham,18.41944,Good
cheddar spread,37.39746,Good
chicken spread,52.02584,Good
chicken cutlet,76.00434,Good
onion,0,34
soy sauce,22.75109,Good
hazelnut with cocoa spread,50.73124,Good
vanilla cake bar,67.04815,Good
rejuvenating serum,107.0179,Good
prune juice,0,35
chicken spread,22.74648,Good
whole grain oats,46.04152,Good
canned ham,63.6862,Good
chicken cutlet,94.00013,Good
air freshener,136.312,Good
deodorant,161.4645,Good
muffin,0,36
wheat sesame,20.08311,Good
paper plates,51.72599,Good
rejuvenating serum,71.35622,Good
fries,114.9956,Good
milk tea,144.3066,Good
soy milk drink strawberry flavor,0,37
black roast coffee,19.75368,Good
white cheese,45.06636,Good
cotton buds,66.70955,Good
cocoa powder,85.68539,Good
facial wash,112.9969,Good
milk tea,0,38
ramen,17.41463,Good
cotton buds,39.06415,Good
mosquito net,69.70829,Good
baby wipes,85.35007,Good
black roast coffee,116.9951,Good
whole grain oats,133.6939,Good
chocolate cake bar,0,39
rice stick,20.08231,Good
cheddar spread,41.39526,Good
frozen bangus,65.37327,Good
white cheese,90.33426,Good
deodorant,0,40
pain relief oil,19.08551,Good
nori,49.39558,Good
frozen bangus,82.03902,Good
onion,102.3494,Good
soy milk drink strawberry flavor,130.3288,Good
toilet papers,0,41
rejuvenating serum,18.41754,Good
liquid detergent,38.73204,Good
yogurt juice,69.7075,Good
vanilla cake bar,94.33418,Good
muffin,108.9608,Good
frozen bangus,131.944,Good
garlic pack,0,42
fries,20.42035,Good
blueberries,47.72726,Good
onion,72.37669,Good
mosquito net,111.6846,Good
deodorant,127.3284,Good
black roast coffee,161.818,Good
vanilla cake bar,179.306,Good
whole grain oats,200.7948,Good
nutella,221.287,Good
potato chips,243.1162,Good
chocolate cake bar,0,43
tacchino,30.09236,Good
frozen bangus,53.73698,Good
pain relief oil,97.37917,Good
rice stick,131.0247,Good
hazelnut with cocoa spread,0,44
cheddar spread,18.41644,Good
soy milk drink strawberry flavor,41.71354,Good
mayonnaise,63.35962,Good
paper plates,100.0022,Good
pain relief oil,117.6494,Good
cayenne pepper,0,45
shampoo,36.4282,Good
mosquito net,64.06859,Good
dishwashing liquid,93.69862,Good
soy sauce,123.3452,Good
rice stick,146.864,Good
nutella,0,46
soy milk drink strawberry flavor,23.08582,Good
chicken spread,45.39269,Good
pet shampoo,79.3764,Good
toilet papers,95.68983,Good
deodorant,115.3385,Good
bell pepper,156.9768,Good
chocolate cake bar,0,47
facial wash,29.42659,Good
rejuvenating serum,45.73554,Good
blueberries,77.37854,Good
caramel latte mix,104.0245,Good
chicken spread,123.0027,Good
puto cheese,144.1596,Good
dishwashing liquid,0,48
deodorant,23.7559,Good
pain relief oil,42.06985,Good
air freshener,59.71933,Good
chicken cutlet,96.69328,Good
bell pepper,0,49
fries,24.41947,Good
sword pepper,49.73357,Good
soy sauce,79.04595,Good
canned ham,94.0236,Good
baby wipes,127.6663,Good
paper plates,147.4885,Good
seaweed,0,50
nori,23.09083,Good
mayonnaise,45.735,Good
oyster sauce,66.71825,Good
vanilla cake bar,87.6985,Good
dishwashing liquid,123.0095,Good
hazelnut with cocoa spread,0,51
paper plates,41.76076,Good
canned ham,72.73293,Good
cayenne pepper,96.37911,Good
garlic pack,108.0296,Good
fries,131.3538,Good
blueberries,163.5075,Good
cayenne pepper,0,52
grapes,23.75329,Good
yogurt juice,38.40096,Good
blueberries,56.04544,Good
watermelon,71.35751,Good
mosquito net,103.3355,Good
vanilla cake bar,142.9812,Good
toilet papers,0,53
cotton buds,15.74678,Good
soy sauce,63.73,Good
mushrooms,97.37339,Good
white cheese,124.6804,Good
sword pepper,0,54
fries,25.42037,Good
chicken cutlet,41.4001,Good
dishwashing liquid,80.37936,Good
paper plates,98.68938,Good
caramel latte mix,128.3337,Good
pet shampoo,0,55
imported drinks,33.76346,Good
cocoa powder,50.40989,Good
misua,67.72025,Good
garlic pack,91.69846,Good
grapes,116.6774,Good
fries,0,56
muffin,29.42659,Good
chicken spread,47.72308,Good
air freshener,81.69669,Good
dishwashing liquid,98.0099,Good
rice stick,128.9845,Good
mushrooms,0,57
potato chips,28.09395,Good
mayonnaise,52.4048,Good
grapes,82.71432,Good
puto cheese,112.6909,Good
cocoa powder,0,58
nutella,25.42587,Good
misua,51.73874,Good
mayonnaise,78.05055,Good
prune juice,99.69994,Good
bell pepper,0,59
muffin,32.42489,Good
cotton buds,68.71556,Good
mushrooms,96.35835,Good
canned ham,110.6703,Good
baby wipes,0,60
shampoo,17.74817,Good
hazelnut with cocoa spread,62.39603,Good
vanilla cake bar,78.70924,Good
imported drinks,105.3537,Good
cocoa powder,122.0002,Good
chocolate cake bar,0,61
soy sauce,20.75399,Good
wheat sesame,47.06584,Good
oyster sauce,74.04479,Good
fries,109.3539,Good
mosquito net,154.6641,Good
canned ham,189.8194,Good
whitening lotion,0,62
air freshener,21.75399,Good
chicken cutlet,60.72928,Good
imported drinks,87.04289,Good
prune juice,108.3546,Good
soy milk drink strawberry flavor,125.0038,Good
fries,0,63
cotton buds,26.08974,Good
misua,42.73021,Good
breakfast cereal,64.04467,Good
black roast coffee,80.6875,Good
deodorant,117.9965,Good
baby wipes,132.4362,Good
sword pepper,0,64
bell pepper,14.74505,Good
oyster sauce,62.06599,Good
baby wipes,112.036,Good
cocoa powder,145.6783,Good
deodorant,0,65
whitening lotion,14.41197,Good
bell pepper,58.73497,Good
white cheese,80.71558,Good
whole grain oats,113.688,Good
nori,139.3363,Good
imported drinks,0,66
nori,14.74435,Good
choco pie,36.73631,Good
white cheese,67.04634,Good
hazelnut with cocoa spread,96.69022,Good
facial wash,136.3322,Good
pet shampoo,159.4864,Good
oyster sauce,0,67
cotton buds,16.74786,Good
breakfast cereal,38.0621,Good
puto cheese,58.042,Good
grapes,89.34559,Good
tacchino,112.9936,Good
oyster sauce,0,68
ramen,18.08541,Good
choco pie,39.73679,Good
nori,62.04601,Good
soy milk drink strawberry flavor,87.35938,Good
deodorant,0,69
canned ham,38.431,Good
seaweed,56.07547,Good
rice stick,82.3866,Good
nori,98.3628,Good
imported drinks,113.0099,Good
white cheese,139.6584,Good
onion,0,70
black roast coffee,22.7562,Good
whole grain oats,41.06635,Good
wheat sesame,60.70883,Good
paper plates,94.35222,Good
rice stick,130.6593,Good
shampoo,0,71
facial wash,16.41543,Good
nori,42.73244,Good
ramen,60.70964,Good
milk tea,78.35433,Good
vanilla cake bar,102.3325,Good
grapes,128.9745,Good
chicken spread,0,72
cotton buds,20.08241,Good
baby wipes,51.37663,Good
toilet papers,69.02022,Good
white cheese,106.3313,Good
chocolate cake bar,0,73
imported drinks,19.41975,Good
potato chips,44.73585,Good
whitening lotion,72.38354,Good
hazelnut with cocoa spread,122.691,Good
soy sauce,0,74
cotton buds,16.07969,Good
fries,42.72824,Good
liquid detergent,86.03793,Good
baby wipes,111.6848,Good
paper plates,131.9974,Good
choco pie,0,75
rice stick,26.41877,Good
canned ham,46.73333,Good
air freshener,73.04565,Good
watermelon,111.3579,Good
sword pepper,129.6701,Good
vanilla cake bar,0,76
soy sauce,20.75028,Good
cocoa powder,55.72887,Good
baby wipes,85.70598,Good
bell pepper,126.6795,Good
rice stick,0,77
oyster sauce,16.07939,Good
black roast coffee,31.72833,Good
puto cheese,46.37461,Good
whole grain oats,65.68797,Good
chocolate cake bar,0,78
potato chips,20.08631,Good
mayonnaise,39.73329,Good
cheddar spread,62.04811,Good
rejuvenating serum,94.68955,Good
dishwashing liquid,115.0036,Good
mosquito net,139.9843,Good
soy sauce,0,79
oyster sauce,13.41375,Good
puto cheese,35.74286,Good
caramel latte mix,51.05452,Good
pet shampoo,76.03267,Good
nori,105.6795,Good
canned ham,126.322,Good
milk tea,0,80
soy sauce,25.42157,Good
black roast coffee,45.06679,Good
chicken spread,65.04758,Good
onion,88.35956,Good
cloves,110.3394,Good
ramen,0,81
yogurt juice,17.41433,Good
mayonnaise,38.72734,Good
mushrooms,61.03796,Good
whole grain oats,81.01846,Good
onion,105.9977,Good
soy sauce,0,82
canned ham,21.40051,Good
milk tea,43.71257,Good
potato chips,64.3554,Good
white cheese,94.00128,Good
bell pepper,110.3148,Good
pet shampoo,0,83
caramel latte mix,27.75761,Good
prune juice,43.40313,Good
ramen,61.38263,Good
nori,84.36388,Good
soy sauce,0,84
black roast coffee,23.42206,Good
potato chips,52.06754,Good
seaweed,75.04109,Good
baby wipes,110.0181,Good
dishwashing liquid,136.9974,Good
air freshener,154.8223,Good
wheat sesame,0,85
chocolate cake bar,18.41594,Good
grapes,45.71123,Good
fries,69.35641,Good
deodorant,111.3304,Good
onion,0,86
baby wipes,40.08918,Good
liquid detergent,63.07154,Good
canned ham,87.38496,Good
ramen,102.3455,Good
canned ham,0,87
mayonnaise,15.74788,Good
misua,38.73464,Good
garlic pack,62.04591,Good
grapes,86.35802,Good
puto cheese,112.3367,Good
rejuvenating serum,146.3121,Good
puto cheese,0,88
soy sauce,22.08422,Good
mushrooms,47.06361,Good
cloves,68.71021,Good
toilet papers,103.3503,Good
deodorant,0,89
shampoo,17.0806,Good
dishwashing liquid,43.39417,Good
watermelon,79.70499,Good
misua,120.0181,Good
rice stick,155.6051,Good
canned ham,176.4314,Good
bell pepper,0,90
soy sauce,25.09214,Good
potato chips,49.07078,Good
imported drinks,70.71786,Good
whole grain oats,92.69796,Good
chicken spread,114.3416,Good
muffin,0,91
chicken spread,18.0813,Good
puto cheese,38.73063,Good
potato chips,66.70965,Good
nutella,88.33946,Good
choco pie,111.3191,Good
grapes,138.9614,Good
nori,0,92
facial wash,30.09316,Good
dishwashing liquid,55.74128,Good
baby wipes,80.71864,Good
muffin,124.3612,Good
cocoa powder,0,93
milk tea,15.07913,Good
mayonnaise,34.39949,Good
pain relief oil,62.04498,Good
cloves,94.35581,Good
watermelon,0,94
bell pepper,18.06007,Good
misua,44.70871,Good
rice stick,58.01498,Good
canned ham,79.99739,Good
hazelnut with cocoa spread,106.3098,Good
air freshener,144.6201,Good
grapes,0,95
bell pepper,26.41877,Good
nori,52.39791,Good
pain relief oil,85.7048,Good
facial wash,105.3508,Good
black roast coffee,0,96
caramel latte mix,13.41005,Good
pet shampoo,39.0763,Good
paper plates,55.38822,Good
rice stick,84.36748,Good
blueberries,103.6801,Good
toilet papers,0,97
chocolate cake bar,33.75856,Good
cloves,61.06763,Good
vanilla cake bar,83.04824,Good
puto cheese,97.69458,Good
black roast coffee,113.0059,Good
caramel latte mix,0,98
black roast coffee,14.41098,Good
yogurt juice,37.73722,Good
bell pepper,54.71767,Good
cocoa powder,74.36565,Good
choco pie,0,99
cotton buds,25.7558,Good
potato chips,53.0734,Good
shampoo,78.05236,Good
pet shampoo,110.6969,Good
cloves,146.3417,Good
cheddar spread,163.8324,Good
blueberries,0,1
watermelon,31.7114,Good
cloves,58.10152,Good
vanilla cake bar,80.1227,Good
cheddar spread,100.1446,Good
breakfast cereal,118.8253,Good
rice stick,0,2
cocoa powder,17.44497,Good
cheddar spread,40.81428,Good
soy milk drink strawberry flavor,62.84204,Good
white cheese,92.8913,Good
whole grain oats,0,3
caramel latte mix,16.44116,Good
hazelnut with cocoa spread,36.13737,Good
breakfast cereal,57.83152,Good
tacchino,83.87128,Good
blueberries,104.5601,Good
vanilla cake bar,0,4
frozen bangus,30.83758,Good
bell pepper,56.53636,Good
rice stick,80.56993,Good
seaweed,107.2785,Good
facial wash,0,5
pain relief oil,17.7838,Good
dishwashing liquid,35.80134,Good
chocolate cake bar,64.17912,Good
puto cheese,78.84742,Good
chicken cutlet,103.5521,Good
rejuvenating serum,0,6
pet shampoo,19.12815,Good
paper plates,34.79949,Good
yogurt juice,65.18456,Good
rice stick,81.86186,Good
black roast coffee,100.5414,Good
whole grain oats,117.2147,Good
whole grain oats,0,7
frozen bangus,32.84169,Good
nori,68.57732,Good
choco pie,93.27712,Good
ramen,116.6417,Good
vanilla cake bar,0,8
onion,24.14388,Good
bell pepper,41.49125,Good
milk tea,63.79924,Good
mushrooms,84.53168,Good
nutella,0,9
imported drinks,27.27134,Good
whitening lotion,59.01946,Good
rejuvenating serum,74.02279,Good
white cheese,115.7786,Good
black roast coffee,144.8249,Good
muffin,164.3625,Good
mayonnaise,0,10
wheat sesame,18.11614,Good
shampoo,47.1698,Good
ramen,75.21426,Good
tacchino,105.9338,Good
onion,125.2855,Good
cayenne pepper,146.6638,Good
yogurt juice,0,11
rice stick,20.45719,Good
mosquito net,51.18172,Good
pet shampoo,74.87358,Good
facial wash,97.24195,Good
chicken spread,0,12
soy milk drink strawberry flavor,21.46579,Good
black roast coffee,41.48199,Good
yogurt juice,64.85351,Good
bell pepper,81.86613,Good
grapes,99.54618,Good
rice stick,118.5602,Good
whitening lotion,0,13
cayenne pepper,38.18565,Good
chicken cutlet,61.21876,Good
choco pie,94.27895,Good
nutella,117.3028,Good
puto cheese,139.4037,Good
fries,0,14
sword pepper,23.4719,Good
grapes,38.80729,Good
cotton buds,58.49794,Good
facial wash,90.22467,Good
pain relief oil,107.9065,Good
prune juice,133.9417,Good
soy sauce,0,15
breakfast cereal,22.80453,Good
cotton buds,43.48957,Good
potato chips,71.86925,Good
baby wipes,99.24508,Good
facial wash,0,16
rejuvenating serum,15.76339,Good
liquid detergent,36.12955,Good
vanilla cake bar,64.17581,Good
ramen,85.53683,Good
cloves,108.2313,Good
oyster sauce,0,17
chicken spread,19.79602,Good
cayenne pepper,35.80595,Good
bell pepper,54.82717,Good
fries,74.84505,Good
facial wash,0,18
mosquito net,17.7789,Good
black roast coffee,63.5456,Good
nutella,85.57298,Good
mushrooms,109.607,Good
white cheese,137.6503,Good
frozen bangus,166.8774,Good
frozen bangus,0,19
white cheese,24.47591,Good
mayonnaise,54.86092,Good
ramen,69.53283,Good
nutella,84.19864,Good
dishwashing liquid,111.5758,Good
misua,0,20
yogurt juice,17.44296,Good
cayenne pepper,45.49363,Good
mosquito net,86.57213,Good
deodorant,102.9137,Good
caramel latte mix,140.3238,Good
oyster sauce,0,21
soy sauce,14.76227,Good
breakfast cereal,40.81229,Good
nutella,61.50278,Good
seaweed,76.172,Good
white cheese,110.9032,Good
bell pepper,0,22
air freshener,38.19595,Good
black roast coffee,67.91379,Good
rice stick,88.60369,Good
seaweed,113.3039,Good
nori,135.3313,Good
soy sauce,0,23
black roast coffee,20.79462,Good
caramel latte mix,35.46247,Good
pain relief oil,65.173,Good
sword pepper,101.2445,Good
cayenne pepper,130.6246,Good
cotton buds,0,24
fries,38.19155,Good
yogurt juice,58.21461,Good
chocolate cake bar,85.25802,Good
breakfast cereal,104.6095,Good
muffin,124.6297,Good
canned ham,0,25
ramen,14.76647,Good
sword pepper,40.14792,Good
cloves,66.85652,Good
fries,85.54412,Good
mosquito net,124.9585,Good
cheddar spread,161.3555,Good
pet shampoo,0,26
whitening lotion,22.4683,Good
misua,62.21545,Good
chicken spread,90.93024,Good
muffin,108.9388,Good
onion,135.3134,Good
baby wipes,0,27
chocolate cake bar,28.82757,Good
canned ham,52.86257,Good
cheddar spread,72.88423,Good
tacchino,97.58482,Good
frozen bangus,119.9479,Good
fries,0,28
frozen bangus,16.7803,Good
bell pepper,43.82694,Good
breakfast cereal,72.87045,Good
hazelnut with cocoa spread,94.89513,Good
shampoo,119.9351,Good
deodorant,150.9341,Good
deodorant,0,29
dishwashing liquid,22.17913,Good
rejuvenating serum,42.02071,Good
bell pepper,75.5606,Good
onion,89.92186,Good
nutella,112.9841,Good
sword pepper,0,30
onion,23.47721,Good
shampoo,43.4974,Good
whole grain oats,65.52998,Good
dishwashing liquid,90.56298,Good
hazelnut with cocoa spread,0,31
cayenne pepper,21.48126,Good
cocoa powder,48.98866,Good
pet shampoo,86.40017,Good
whitening lotion,109.4287,Good
ramen,0,32
nori,17.45537,Good
misua,32.12568,Good
rejuvenating serum,60.83966,Good
cloves,96.5715,Good
chicken cutlet,0,33
canned ham,25.81545,Good
ramen,40.487,Good
cheddar spread,61.1753,Good
chicken spread,75.84242,Good
hazelnut with cocoa spread,0,34
soy sauce,20.46379,Good
vanilla cake bar,41.15372,Good
rejuvenating serum,78.55873,Good
onion,118.9732,Good
whole grain oats,0,35
prune juice,14.76888,Good
chicken spread,35.46898,Good
air freshener,66.18967,Good
deodorant,88.55174,Good
chicken cutlet,127.623,Good
canned ham,155.5132,Good
fries,0,36
milk tea,32.85009,Good
muffin,63.57127,Good
wheat sesame,84.60008,Good
rejuvenating serum,123.0089,Good
paper plates,145.2117,Good
facial wash,0,37
cotton buds,17.78481,Good
cocoa powder,49.1761,Good
soy milk drink strawberry flavor,76.55342,Good
black roast coffee,96.57579,Good
white cheese,121.9479,Good
milk tea,0,38
cotton buds,19.45618,Good
ramen,44.48987,Good
baby wipes,73.20605,Good
mosquito net,90.21917,Good
whole grain oats,130.6323,Good
black roast coffee,149.495,Good
white cheese,0,39
frozen bangus,24.47781,Good
cheddar spread,47.51067,Good
chocolate cake bar,68.19917,Good
rice stick,92.23363,Good
onion,0,40
frozen bangus,22.13486,Good
deodorant,78.59814,Good
pain relief oil,98.95643,Good
soy milk drink strawberry flavor,136.0278,Good
nori,166.9241,Good
muffin,0,41
vanilla cake bar,14.4331,Good
rejuvenating serum,49.84912,Good
toilet papers,69.53427,Good
liquid detergent,88.21748,Good
yogurt juice,122.2795,Good
frozen bangus,154.1268,Good
black roast coffee,0,42
vanilla cake bar,17.44797,Good
potato chips,48.83398,Good
nutella,72.20101,Good
garlic pack,98.9026,Good
mosquito net,152.028,Good
pain relief oil,0,43
rice stick,31.84009,Good
chocolate cake bar,51.19577,Good
frozen bangus,83.26022,Good
tacchino,106.2921,Good
mayonnaise,0,44
cheddar spread,24.81305,Good
soy milk drink strawberry flavor,48.84624,Good
hazelnut with cocoa spread,68.19827,Good
pain relief oil,107.2838,Good
paper plates,124.9575,Good
soy sauce,0,45
mosquito net,44.87847,Good
dishwashing liquid,71.92039,Good
shampoo,86.92282,Good
rice stick,116.985,Good
cayenne pepper,140.3996,Good
bell pepper,0,46
nutella,34.51537,Good
soy milk drink strawberry flavor,60.55333,Good
chicken spread,85.25562,Good
toilet papers,127.3414,Good
pet shampoo,145.5335,Good
deodorant,172.0823,Good
facial wash,0,47
rejuvenating serum,16.44516,Good
blueberries,50.17825,Good
caramel latte mix,78.2263,Good
chicken spread,97.91165,Good
puto cheese,119.2714,Good
chocolate cake bar,134.8318,Good
chicken cutlet,0,48
deodorant,38.52256,Good
pain relief oil,56.87205,Good
air freshener,74.22238,Good
dishwashing liquid,89.89374,Good
soy sauce,0,49
bell pepper,19.45908,Good
fries,38.14465,Good
sword pepper,62.84754,Good
canned ham,92.8998,Good
baby wipes,125.6256,Good
paper plates,145.0256,Good
oyster sauce,0,50
nori,19.46358,Good
mayonnaise,41.49131,Good
seaweed,53.15628,Good
dishwashing liquid,85.22819,Good
vanilla cake bar,118.9573,Good
fries,0,51
blueberries,25.48542,Good
cayenne pepper,50.18905,Good
garlic pack,61.85142,Good
canned ham,83.22012,Good
paper plates,107.9165,Good
hazelnut with cocoa spread,140.6492,Good
yogurt juice,0,52
mosquito net,30.83688,Good
vanilla cake bar,73.92821,Good
grapes,101.9725,Good
watermelon,115.2988,Good
cayenne pepper,140.674,Good
blueberries,169.2314,Good
soy sauce,0,53
cotton buds,32.84049,Good
toilet papers,47.516,Good
white cheese,84.92331,Good
mushrooms,107.9524,Good
dishwashing liquid,0,54
paper plates,18.45478,Good
chicken cutlet,56.86458,Good
sword pepper,77.882,Good
fries,101.9159,Good
caramel latte mix,126.618,Good
pet shampoo,0,55
grapes,38.52617,Good
garlic pack,64.23431,Good
imported drinks,89.60714,Good
cocoa powder,106.2854,Good
misua,123.6325,Good
dishwashing liquid,0,56
air freshener,16.44576,Good
muffin,48.17405,Good
chicken spread,65.8488,Good
rice stick,88.5454,Good
fries,115.2544,Good
mayonnaise,0,57
mushrooms,22.80343,Good
potato chips,48.84822,Good
puto cheese,76.88678,Good
grapes,103.6004,Good
misua,0,58
nutella,25.48282,Good
mayonnaise,37.14551,Good
cocoa powder,62.18152,Good
prune juice,89.55864,Good
bell pepper,0,59
mushrooms,20.79752,Good
cotton buds,35.46407,Good
canned ham,54.48028,Good
muffin,76.51064,Good
shampoo,0,60
baby wipes,16.7791,Good
hazelnut with cocoa spread,55.5276,Good
vanilla cake bar,71.19846,Good
cocoa powder,96.56829,Good
imported drinks,112.5766,Good
mosquito net,0,61
wheat sesame,38.52586,Good
oyster sauce,65.56877,Good
soy sauce,97.62283,Good
chocolate cake bar,122.3294,Good
canned ham,144.1543,Good
fries,173.7131,Good
prune juice,0,62
soy milk drink strawberry flavor,16.77609,Good
chicken cutlet,45.82743,Good
imported drinks,70.1946,Good
air freshener,98.9079,Good
whitening lotion,119.266,Good
fries,0,63
black roast coffee,26.14878,Good
misua,54.19418,Good
breakfast cereal,80.90016,Good
cotton buds,100.2513,Good
deodorant,134.6495,Good
baby wipes,149.8261,Good
sword pepper,0,64
bell pepper,26.81596,Good
oyster sauce,47.5085,Good
cocoa powder,69.87099,Good
baby wipes,101.9232,Good
deodorant,0,65
whitening lotion,14.4388,Good
bell pepper,56.87949,Good
white cheese,78.90836,Good
whole grain oats,110.6368,Good
nori,135.338,Good
hazelnut with cocoa spread,0,66
white cheese,36.52057,Good
facial wash,81.62115,Good
pet shampoo,105.3212,Good
imported drinks,143.0603,Good
nori,158.5701,Good
choco pie,184.7875,Good
grapes,0,67
tacchino,23.13897,Good
oyster sauce,49.8489,Good
cotton buds,66.19309,Good
puto cheese,87.88354,Good
breakfast cereal,107.2365,Good
oyster sauce,0,68
soy milk drink strawberry flavor,20.12225,Good
choco pie,44.82788,Good
ramen,66.85014,Good
nori,86.8754,Good
nori,0,69
rice stick,16.10883,Good
imported drinks,30.78234,Good
canned ham,53.48107,Good
seaweed,70.82691,Good
white cheese,104.8887,Good
deodorant,148.6485,Good
rice stick,0,70
black roast coffee,20.79602,Good
whole grain oats,38.80482,Good
wheat sesame,58.49076,Good
paper plates,92.21911,Good
onion,132.3008,Good
vanilla cake bar,0,71
ramen,25.48652,Good
milk tea,49.51952,Good
nori,62.84797,Good
shampoo,80.19611,Good
facial wash,115.9312,Good
grapes,151.6643,Good
chicken spread,0,72
cotton buds,20.80132,Good
baby wipes,54.19567,Good
toilet papers,72.54536,Good
white cheese,112.624,Good
whitening lotion,0,73
potato chips,25.81445,Good
chocolate cake bar,47.17413,Good
imported drinks,65.85773,Good
hazelnut with cocoa spread,95.91009,Good
liquid detergent,0,74
paper plates,18.78741,Good
baby wipes,37.80835,Good
cotton buds,54.48066,Good
soy sauce,89.21294,Good
fries,113.9143,Good
air freshener,0,75
sword pepper,37.1891,Good
watermelon,52.52594,Good
choco pie,77.22745,Good
canned ham,96.58438,Good
rice stick,115.9392,Good
cocoa powder,0,76
soy sauce,22.13636,Good
vanilla cake bar,44.8306,Good
bell pepper,71.53329,Good
baby wipes,119.6464,Good
rice stick,0,77
oyster sauce,17.44967,Good
black roast coffee,33.79935,Good
puto cheese,49.13489,Good
whole grain oats,70.49422,Good
rejuvenating serum,0,78
mosquito net,19.79512,Good
dishwashing liquid,49.51181,Good
mayonnaise,87.25434,Good
chocolate cake bar,105.9358,Good
cheddar spread,127.9583,Good
potato chips,159.5184,Good
canned ham,0,79
oyster sauce,16.10933,Good
soy sauce,30.44841,Good
nori,48.46711,Good
caramel latte mix,69.15221,Good
puto cheese,84.82757,Good
pet shampoo,113.5395,Good
black roast coffee,0,80
chicken spread,19.45138,Good
soy sauce,42.82149,Good
milk tea,60.16442,Good
cloves,87.54215,Good
onion,107.5609,Good
mayonnaise,0,81
whole grain oats,22.80343,Good
yogurt juice,49.50696,Good
onion,71.19761,Good
mushrooms,92.55853,Good
ramen,112.5786,Good
soy sauce,0,82
white cheese,22.80363,Good
bell pepper,39.82019,Good
milk tea,64.85411,Good
canned ham,88.88837,Good
potato chips,112.9203,Good
pet shampoo,0,83
prune juice,23.80724,Good
caramel latte mix,39.14352,Good
ramen,56.82927,Good
nori,77.51817,Good
black roast coffee,0,84
soy sauce,22.80524,Good
dishwashing liquid,53.53135,Good
air freshener,69.20212,Good
baby wipes,90.22574,Good
potato chips,114.2587,Good
seaweed,134.2805,Good
wheat sesame,0,85
chocolate cake bar,17.7856,Good
deodorant,52.52015,Good
grapes,80.89993,Good
fries,105.274,Good
baby wipes,0,86
liquid detergent,26.14738,Good
canned ham,53.52334,Good
ramen,68.86028,Good
onion,96.23701,Good
grapes,0,87
garlic pack,30.50665,Good
mayonnaise,58.89375,Good
canned ham,75.57327,Good
misua,98.26247,Good
puto cheese,123.6387,Good
rejuvenating serum,166.2853,Good
cloves,0,88
soy sauce,20.12705,Good
mushrooms,34.7951,Good
puto cheese,54.14933,Good
toilet papers,84.19989,Good
misua,0,89
shampoo,31.50135,Good
canned ham,50.52744,Good
rice stick,69.87907,Good
watermelon,88.56387,Good
dishwashing liquid,120.9489,Good
deodorant,144.3446,Good
soy sauce,0,90
imported drinks,22.80484,Good
potato chips,45.50188,Good
bell pepper,76.886,Good
chicken spread,97.5802,Good
whole grain oats,120.2734,Good
puto cheese,0,91
chicken spread,20.13376,Good
muffin,37.47483,Good
potato chips,65.85401,Good
choco pie,80.52083,Good
nutella,102.5513,Good
grapes,126.2519,Good
dishwashing liquid,0,92
facial wash,27.82416,Good
baby wipes,42.82442,Good
muffin,92.26002,Good
nori,123.6469,Good
milk tea,0,93
cocoa powder,14.76617,Good
mayonnaise,35.46897,Good
pain relief oil,63.51443,Good
cloves,96.24481,Good
watermelon,0,94
bell pepper,18.45468,Good
rice stick,42.15435,Good
misua,55.48299,Good
canned ham,75.50746,Good
hazelnut with cocoa spread,98.87789,Good
air freshener,131.9388,Good
nori,0,95
pain relief oil,33.50672,Good
facial wash,52.86255,Good
bell pepper,98.62637,Good
grapes,122.6599,Good
black roast coffee,0,96
caramel latte mix,13.42737,Good
blueberries,37.81418,Good
paper plates,70.53977,Good
pet shampoo,86.54845,Good
rice stick,114.2612,Good
puto cheese,0,97
vanilla cake bar,14.77108,Good
black roast coffee,32.13057,Good
chocolate cake bar,49.47721,Good
toilet papers,87.54986,Good
cloves,126.9579,Good
cocoa powder,0,98
yogurt juice,13.43297,Good
caramel latte mix,40.16073,Good
black roast coffee,54.49423,Good
bell pepper,77.19123,Good
shampoo,0,99
pet shampoo,27.1586,Good
cotton buds,46.17976,Good
choco pie,80.57683,Good
potato chips,95.91067,Good
cheddar spread,126.633,Good
cloves,144.7623,Good
breakfast cereal,0,1
cheddar spread,18.7787,Good
vanilla cake bar,38.13966,Good
blueberries,65.51638,Good
watermelon,78.83883,Good
cloves,104.2101,Good
cocoa powder,0,2
rice stick,16.7794,Good
cheddar spread,36.80409,Good
soy milk drink strawberry flavor,58.16393,Good
white cheese,87.88227,Good
breakfast cereal,0,3
whole grain oats,14.77128,Good
hazelnut with cocoa spread,36.13819,Good
caramel latte mix,55.82084,Good
tacchino,80.18863,Good
blueberries,100.8769,Good
frozen bangus,0,4
bell pepper,25.15098,Good
seaweed,55.87591,Good
rice stick,81.24144,Good
vanilla cake bar,107.2808,Good
chocolate cake bar,0,5
chicken cutlet,27.48603,Good
facial wash,73.25289,Good
dishwashing liquid,98.96204,Good
pain relief oil,119.318,Good
puto cheese,154.6128,Good
rejuvenating serum,0,6
pet shampoo,20.46449,Good
paper plates,36.80841,Good
yogurt juice,74.54874,Good
rice stick,94.90453,Good
black roast coffee,114.2587,Good
whole grain oats,131.6016,Good
choco pie,0,7
nori,23.47281,Good
ramen,42.82618,Good
whole grain oats,66.19241,Good
frozen bangus,96.24477,Good
vanilla cake bar,0,8
milk tea,24.81155,Good
mushrooms,41.48659,Good
onion,62.18059,Good
bell pepper,78.8587,Good
white cheese,0,9
muffin,29.82607,Good
black roast coffee,47.50596,Good
whitening lotion,80.23286,Good
rejuvenating serum,95.23868,Good
nutella,122.95,Good
imported drinks,146.1491,Good
wheat sesame,0,10
mayonnaise,17.78541,Good
cayenne pepper,34.46387,Good
tacchino,60.50553,Good
onion,79.52265,Good
shampoo,100.2127,Good
ramen,116.2177,Good
yogurt juice,0,11
rice stick,17.45337,Good
facial wash,49.51281,Good
mosquito net,66.52673,Good
pet shampoo,91.55714,Good
rice stick,0,12
yogurt juice,17.45137,Good
soy milk drink strawberry flavor,46.83608,Good
black roast coffee,67.8615,Good
chicken spread,87.21513,Good
grapes,113.9228,Good
bell pepper,132.6053,Good
cayenne pepper,0,13
chicken cutlet,21.79933,Good
whitening lotion,58.20373,Good
puto cheese,91.26952,Good
choco pie,114.6328,Good
nutella,135.9892,Good
cotton buds,0,14
pain relief oil,15.44313,Good
facial wash,34.46669,Good
prune juice,68.19493,Good
sword pepper,99.58305,Good
grapes,115.594,Good
fries,143.3051,Good
baby wipes,0,15
cotton buds,17.11674,Good
soy sauce,53.85691,Good
breakfast cereal,75.21675,Good
potato chips,97.91284,Good
facial wash,0,16
rejuvenating serum,15.7728,Good
liquid detergent,36.8131,Good
ramen,65.19197,Good
cloves,87.89047,Good
vanilla cake bar,108.5789,Good
oyster sauce,0,17
chicken spread,22.13436,Good
cayenne pepper,38.13889,Good
fries,57.49212,Good
bell pepper,76.17712,Good
black roast coffee,0,18
frozen bangus,27.49474,Good
white cheese,53.20082,Good
mosquito net,94.28471,Good
facial wash,111.2988,Good
nutella,142.3516,Good
mushrooms,165.2267,Good
white cheese,0,19
frozen bangus,24.47611,Good
mayonnaise,47.51326,Good
dishwashing liquid,80.90727,Good
nutella,109.2866,Good
ramen,123.9535,Good
yogurt juice,0,20
misua,16.7804,Good
mosquito net,47.50082,Good
deodorant,63.83621,Good
caramel latte mix,97.57504,Good
cayenne pepper,115.9246,Good
breakfast cereal,0,21
soy sauce,25.48152,Good
oyster sauce,40.15046,Good
seaweed,74.88484,Good
nutella,89.55544,Good
white cheese,124.9571,Good
black roast coffee,0,22
air freshener,28.1601,Good
seaweed,57.87798,Good
rice stick,81.24261,Good
nori,96.58195,Good
bell pepper,120.6157,Good
black roast coffee,0,23
caramel latte mix,14.76757,Good
soy sauce,35.8018,Good
cayenne pepper,59.16863,Good
sword pepper,90.88937,Good
pain relief oil,129.6321,Good
cotton buds,0,24
chocolate cake bar,35.85294,Good
yogurt juice,52.53265,Good
muffin,83.91357,Good
breakfast cereal,106.9494,Good
fries,139.0061,Good
canned ham,0,25
ramen,15.43502,Good
cheddar spread,39.47613,Good
mosquito net,85.57296,Good
cloves,134.6816,Good
fries,156.887,Good
sword pepper,186.4519,Good
chicken spread,0,26
misua,30.83508,Good
muffin,57.20208,Good
pet shampoo,94.61529,Good
whitening lotion,118.9822,Good
onion,165.6199,Good
cheddar spread,0,27
chocolate cake bar,20.79832,Good
canned ham,42.1579,Good
frozen bangus,71.54044,Good
tacchino,94.57465,Good
baby wipes,134.3093,Good
shampoo,0,28
deodorant,32.16816,Good
hazelnut with cocoa spread,73.25784,Good
breakfast cereal,95.62043,Good
bell pepper,117.6467,Good
fries,136.4256,Good
frozen bangus,153.9433,Good
nutella,0,29
onion,28.1586,Good
bell pepper,46.1758,Good
deodorant,86.92517,Good
dishwashing liquid,112.633,Good
rejuvenating serum,134.996,Good
whole grain oats,0,30
shampoo,21.13196,Good
dishwashing liquid,51.18175,Good
onion,84.91079,Good
sword pepper,108.9446,Good
hazelnut with cocoa spread,0,31
whitening lotion,39.86133,Good
pet shampoo,61.55558,Good
cocoa powder,95.95365,Good
cayenne pepper,121.3248,Good
cloves,0,32
misua,25.48182,Good
nori,40.81829,Good
ramen,60.84096,Good
rejuvenating serum,89.55574,Good
chicken spread,0,33
cheddar spread,14.76908,Good
ramen,35.47216,Good
canned ham,50.47908,Good
chicken cutlet,76.51744,Good
rejuvenating serum,0,34
onion,37.1897,Good
soy sauce,57.8807,Good
hazelnut with cocoa spread,79.90757,Good
vanilla cake bar,95.58183,Good
chicken cutlet,0,35
canned ham,27.81795,Good
prune juice,43.82825,Good
chicken spread,65.18688,Good
whole grain oats,87.21346,Good
deodorant,120.9421,Good
air freshener,144.3196,Good
paper plates,0,36
rejuvenating serum,20.46159,Good
fries,66.22415,Good
muffin,95.60868,Good
wheat sesame,115.9577,Good
milk tea,138.9897,Good
white cheese,0,37
black roast coffee,30.49934,Good
soy milk drink strawberry flavor,52.52954,Good
cotton buds,78.90403,Good
cocoa powder,99.92484,Good
facial wash,133.3203,Good
milk tea,0,38
cotton buds,18.78922,Good
ramen,39.81584,Good
black roast coffee,58.50144,Good
whole grain oats,75.84859,Good
baby wipes,109.9065,Good
mosquito net,126.5948,Good
chocolate cake bar,0,39
rice stick,21.46549,Good
cheddar spread,45.5,Good
white cheese,76.22049,Good
frozen bangus,104.5994,Good
frozen bangus,0,40
onion,20.45478,Good
soy milk drink strawberry flavor,47.83364,Good
deodorant,84.2317,Good
pain relief oil,102.5869,Good
nori,131.968,Good
frozen bangus,0,41
yogurt juice,24.47631,Good
muffin,53.52606,Good
vanilla cake bar,67.86055,Good
liquid detergent,97.24387,Good
toilet papers,115.5949,Good
rejuvenating serum,134.2727,Good
vanilla cake bar,0,42
black roast coffee,16.11232,Good
mosquito net,49.511,Good
garlic pack,86.5843,Good
nutella,109.6142,Good
potato chips,129.6369,Good
chocolate cake bar,0,43
tacchino,28.82607,Good
frozen bangus,52.19274,Good
rice stick,81.91028,Good
pain relief oil,113.966,Good
cheddar spread,0,44
soy milk drink strawberry flavor,24.14578,Good
hazelnut with cocoa spread,43.83107,Good
mayonnaise,59.50403,Good
paper plates,96.91254,Good
pain relief oil,114.5938,Good
shampoo,0,45
mosquito net,15.09624,Good
dishwashing liquid,39.47267,Good
cayenne pepper,67.85215,Good
soy sauce,88.20824,Good
rice stick,102.8765,Good
chicken spread,0,46
soy milk drink strawberry flavor,22.13687,Good
nutella,44.833,Good
toilet papers,74.88376,Good
deodorant,94.56461,Good
pet shampoo,116.9318,Good
bell pepper,150.0327,Good
chocolate cake bar,0,47
facial wash,28.158,Good
rejuvenating serum,43.83319,Good
blueberries,74.22076,Good
chicken spread,101.5902,Good
caramel latte mix,120.2731,Good
puto cheese,136.2473,Good
chicken cutlet,0,48
pain relief oil,49.22289,Good
dishwashing liquid,70.24969,Good
deodorant,97.95473,Good
air freshener,124.3344,Good
baby wipes,0,49
paper plates,19.45738,Good
soy sauce,49.1762,Good
canned ham,63.84521,Good
sword pepper,95.23613,Good
fries,120.612,Good
bell pepper,145.6441,Good
mayonnaise,0,50
nori,22.79673,Good
oyster sauce,42.82413,Good
seaweed,63.85155,Good
vanilla cake bar,90.56084,Good
dishwashing liquid,125.2925,Good
canned ham,0,51
paper plates,28.83127,Good
hazelnut with cocoa spread,67.24267,Good
blueberries,99.63474,Good
garlic pack,127.679,Good
fries,149.2206,Good
cayenne pepper,171.4262,Good
yogurt juice,0,52
mosquito net,29.49734,Good
cayenne pepper,71.25362,Good
watermelon,95.6176,Good
grapes,108.9493,Good
blueberries,124.9548,Good
vanilla cake bar,155.0057,Good
soy sauce,0,53
white cheese,22.13426,Good
mushrooms,47.17212,Good
cotton buds,62.50307,Good
toilet papers,96.2319,Good
sword pepper,0,54
fries,29.49824,Good
chicken cutlet,46.17918,Good
caramel latte mix,75.89652,Good
paper plates,110.2905,Good
dishwashing liquid,130.6501,Good
cocoa powder,0,55
misua,16.781,Good
imported drinks,31.45382,Good
pet shampoo,62.84775,Good
garlic pack,95.23932,Good
grapes,118.9375,Good
muffin,0,56
chicken spread,19.12395,Good
fries,45.1631,Good
rice stick,76.54543,Good
air freshener,111.2771,Good
dishwashing liquid,128.2903,Good
mayonnaise,0,57
mushrooms,18.79281,Good
potato chips,41.15171,Good
grapes,66.52763,Good
puto cheese,96.9112,Good
mayonnaise,0,58
misua,29.49914,Good
prune juice,59.21911,Good
nutella,79.23939,Good
cocoa powder,103.2646,Good
muffin,0,59
bell pepper,24.47591,Good
canned ham,46.50142,Good
mushrooms,61.17053,Good
cotton buds,80.19054,Good
cocoa powder,0,60
imported drinks,16.10853,Good
shampoo,31.45651,Good
baby wipes,61.51038,Good
hazelnut with cocoa spread,98.9171,Good
vanilla cake bar,114.5855,Good
soy sauce,0,61
wheat sesame,26.82036,Good
oyster sauce,54.53124,Good
chocolate cake bar,75.88698,Good
canned ham,97.91674,Good
mosquito net,132.6486,Good
fries,181.2591,Good
air freshener,0,62
whitening lotion,22.4695,Good
imported drinks,52.85441,Good
chicken cutlet,80.22704,Good
soy milk drink strawberry flavor,113.2868,Good
prune juice,129.9622,Good
misua,0,63
cotton buds,16.11043,Good
fries,41.1517,Good
baby wipes,85.24514,Good
deodorant,99.57814,Good
black roast coffee,135.3143,Good
breakfast cereal,152.8335,Good
oyster sauce,0,64
bell pepper,32.16946,Good
sword pepper,57.53548,Good
cocoa powder,76.89301,Good
baby wipes,106.9406,Good
whole grain oats,0,65
deodorant,31.17042,Good
whitening lotion,45.50455,Good
nori,71.88213,Good
white cheese,93.9109,Good
bell pepper,110.9245,Good
white cheese,0,66
hazelnut with cocoa spread,31.84279,Good
facial wash,74.93143,Good
pet shampoo,96.62498,Good
imported drinks,129.6838,Good
nori,145.1998,Good
choco pie,169.4093,Good
breakfast cereal,0,67
puto cheese,19.46379,Good
oyster sauce,43.49923,Good
tacchino,84.2485,Good
grapes,103.2672,Good
cotton buds,142.3451,Good
soy milk drink strawberry flavor,0,68
oyster sauce,19.79662,Good
choco pie,47.16699,Good
nori,68.19661,Good
ramen,86.21137,Good
deodorant,0,69
canned ham,35.85083,Good
nori,59.87759,Good
rice stick,75.22404,Good
seaweed,99.92613,Good
imported drinks,123.2911,Good
white cheese,149.2016,Good
whole grain oats,0,70
wheat sesame,18.79402,Good
black roast coffee,33.79706,Good
onion,55.15778,Good
rice stick,77.85977,Good
paper plates,110.5861,Good
facial wash,0,71
shampoo,16.44586,Good
vanilla cake bar,54.19074,Good
grapes,80.2318,Good
nori,98.577,Good
ramen,116.5986,Good
milk tea,133.9647,Good
chicken spread,0,72
white cheese,30.16691,Good
toilet papers,74.5948,Good
baby wipes,93.94374,Good
cotton buds,111.6252,Good
whitening lotion,0,73
chocolate cake bar,31.83939,Good
potato chips,53.87031,Good
imported drinks,77.56965,Good
hazelnut with cocoa spread,108.9525,Good
baby wipes,0,74
liquid detergent,24.81465,Good
cotton buds,46.17542,Good
paper plates,61.50965,Good
fries,105.9364,Good
soy sauce,133.3145,Good
air freshener,0,75
choco pie,27.14809,Good
rice stick,52.52125,Good
canned ham,72.54231,Good
watermelon,99.25261,Good
sword pepper,115.2593,Good
baby wipes,0,76
cocoa powder,28.82256,Good
soy sauce,48.84327,Good
bell pepper,69.52997,Good
vanilla cake bar,94.22676,Good
rice stick,0,77
oyster sauce,17.45347,Good
black roast coffee,33.80704,Good
puto cheese,49.14088,Good
whole grain oats,70.50171,Good
chocolate cake bar,0,78
potato chips,20.12695,Good
mayonnaise,40.14856,Good
mosquito net,68.19371,Good
rejuvenating serum,85.87477,Good
dishwashing liquid,106.8987,Good
cheddar spread,135.2775,Good
nori,0,79
soy sauce,26.82276,Good
canned ham,41.48991,Good
oyster sauce,58.83825,Good
pet shampoo,90.22378,Good
puto cheese,125.9588,Good
caramel latte mix,143.3705,Good
chicken spread,0,80
soy sauce,22.13546,Good
black roast coffee,44.83409,Good
cloves,63.51949,Good
onion,82.87332,Good
milk tea,106.2365,Good
whole grain oats,0,81
mayonnaise,25.81695,Good
ramen,53.19362,Good
mushrooms,70.20605,Good
yogurt juice,96.57443,Good
onion,124.6225,Good
soy sauce,0,82
bell pepper,20.12815,Good
white cheese,38.14355,Good
canned ham,67.8604,Good
milk tea,91.89426,Good
potato chips,112.584,Good
prune juice,0,83
caramel latte mix,16.10673,Good
pet shampoo,47.83783,Good
nori,88.25349,Good
ramen,108.9428,Good
baby wipes,0,84
dishwashing liquid,26.82356,Good
air freshener,43.83512,Good
seaweed,77.56926,Good
potato chips,100.9334,Good
soy sauce,128.3149,Good
black roast coffee,146.5094,Good
fries,0,85
grapes,26.81505,Good
deodorant,57.87019,Good
chocolate cake bar,86.24387,Good
wheat sesame,110.2776,Good
onion,0,86
canned ham,25.48272,Good
ramen,40.8203,Good
baby wipes,75.5461,Good
liquid detergent,101.2578,Good
puto cheese,0,87
misua,26.82006,Good
mayonnaise,54.20042,Good
rejuvenating serum,92.27418,Good
canned ham,122.6669,Good
garlic pack,145.1808,Good
grapes,170.3943,Good
mushrooms,0,88
soy sauce,16.44096,Good
toilet papers,45.83214,Good
puto cheese,77.21496,Good
cloves,97.91066,Good
watermelon,0,89
misua,48.89187,Good
dishwashing liquid,84.6262,Good
shampoo,100.2959,Good
deodorant,125.6677,Good
canned ham,164.7913,Good
rice stick,187.6652,Good
potato chips,0,90
soy sauce,24.81475,Good
imported drinks,49.17688,Good
chicken spread,75.88997,Good
whole grain oats,99.92364,Good
bell pepper,125.2935,Good
muffin,0,91
puto cheese,15.09764,Good
chicken spread,34.46119,Good
grapes,59.83261,Good
nutella,82.86633,Good
choco pie,104.2261,Good
potato chips,118.8944,Good
baby wipes,0,92
dishwashing liquid,23.13937,Good
facial wash,46.84026,Good
muffin,85.24942,Good
nori,110.9536,Good
mayonnaise,0,93
pain relief oil,40.86708,Good
cocoa powder,75.26205,Good
milk tea,90.59779,Good
cloves,119.9749,Good
watermelon,0,94
bell pepper,16.7808,Good
hazelnut with cocoa spread,47.83894,Good
misua,70.86805,Good
canned ham,98.57928,Good
rice stick,117.9325,Good
air freshener,146.1003,Good
pain relief oil,0,95
facial wash,19.79442,Good
nori,51.51811,Good
bell pepper,77.55987,Good
grapes,101.5881,Good
rice stick,0,96
pet shampoo,28.1633,Good
paper plates,44.50793,Good
blueberries,78.23847,Good
black roast coffee,102.2712,Good
caramel latte mix,115.598,Good
puto cheese,0,97
vanilla cake bar,14.76918,Good
chocolate cake bar,28.1037,Good
black roast coffee,46.11626,Good
cloves,66.13653,Good
toilet papers,104.214,Good
bell pepper,0,98
yogurt juice,18.11553,Good
black roast coffee,44.15725,Good
caramel latte mix,58.82417,Good
cocoa powder,82.52512,Good
cheddar spread,0,99
cloves,16.7807,Good
pet shampoo,54.86386,Good
shampoo,69.86769,Good
cotton buds,89.89436,Good
potato chips,121.2842,Good
choco pie,137.6747,Good
vanilla cake bar,0,1
breakfast cereal,17.59132,Good
cheddar spread,34.07836,Good
cloves,47.91972,Good
blueberries,71.51753,Good
watermelon,82.77907,Good
cheddar spread,0,2
soy milk drink strawberry flavor,23.11467,Good
rice stick,47.14253,Good
cocoa powder,63.39799,Good
white cheese,85.01156,Good
blueberries,0,3
tacchino,17.55829,Good
caramel latte mix,48.97675,Good
breakfast cereal,64.62193,Good
hazelnut with cocoa spread,85.9341,Good
whole grain oats,106.2474,Good
frozen bangus,0,4
bell pepper,23.7548,Good
seaweed,52.40277,Good
rice stick,76.71748,Good
vanilla cake bar,100.6975,Good
dishwashing liquid,0,5
facial wash,25.08883,Good
pain relief oil,44.06792,Good
chocolate cake bar,79.71332,Good
puto cheese,95.02288,Good
chicken cutlet,123.0005,Good
black roast coffee,0,6
whole grain oats,17.39129,Good
yogurt juice,45.68993,Good
rice stick,67.99865,Good
rejuvenating serum,98.64539,Good
pet shampoo,118.956,Good
paper plates,135.4702,Good
whole grain oats,0,7
ramen,19.0813,Good
nori,41.06395,Good
choco pie,63.70578,Good
frozen bangus,97.34917,Good
vanilla cake bar,0,8
bell pepper,26.75901,Good
onion,41.40288,Good
milk tea,70.02976,Good
mushrooms,88.67199,Good
white cheese,0,9
whitening lotion,37.75986,Good
rejuvenating serum,52.38533,Good
black roast coffee,85.36318,Good
muffin,103.3418,Good
imported drinks,129.6354,Good
nutella,153.793,Good
shampoo,0,10
ramen,27.42158,Good
mayonnaise,44.73318,Good
wheat sesame,67.69888,Good
cayenne pepper,84.67742,Good
tacchino,112.3226,Good
onion,131.9669,Good
pet shampoo,0,11
facial wash,25.08623,Good
mosquito net,42.06761,Good
yogurt juice,81.04407,Good
rice stick,103.3557,Good
soy milk drink strawberry flavor,0,12
chicken spread,22.41315,Good
black roast coffee,41.73156,Good
bell pepper,71.70727,Good
yogurt juice,87.99702,Good
grapes,104.3089,Good
rice stick,124.2859,Good
cayenne pepper,0,13
chicken cutlet,23.75189,Good
whitening lotion,66.06266,Good
puto cheese,103.7025,Good
choco pie,129.0131,Good
nutella,153.5053,Good
prune juice,0,14
grapes,28.75862,Good
sword pepper,48.06632,Good
fries,77.37839,Good
cotton buds,130.0164,Good
pain relief oil,146.5073,Good
facial wash,166.9962,Good
soy sauce,0,15
potato chips,24.42677,Good
cotton buds,52.0649,Good
baby wipes,89.69093,Good
breakfast cereal,124.6642,Good
ramen,0,16
liquid detergent,30.76163,Good
facial wash,54.40806,Good
rejuvenating serum,70.05454,Good
cloves,105.7008,Good
vanilla cake bar,127.01,Good
oyster sauce,0,17
chicken spread,23.42417,Good
cayenne pepper,38.73387,Good
fries,59.04609,Good
bell pepper,83.02579,Good
white cheese,0,18
frozen bangus,23.08512,Good
facial wash,66.06212,Good
mosquito net,82.37374,Good
black roast coffee,116.6848,Good
nutella,136.0235,Good
mushrooms,157.1793,Good
dishwashing liquid,0,19
mayonnaise,29.75812,Good
ramen,55.05497,Good
nutella,70.01346,Good
frozen bangus,98.99252,Good
white cheese,121.9711,Good
caramel latte mix,0,20
misua,33.76356,Good
yogurt juice,81.06885,Good
cayenne pepper,108.7114,Good
deodorant,156.688,Good
mosquito net,174.5155,Good
soy sauce,0,21
breakfast cereal,23.42096,Good
oyster sauce,50.73377,Good
seaweed,86.70869,Good
nutella,101.6884,Good
white cheese,136.6689,Good
nori,0,22
seaweed,23.42196,Good
rice stick,50.39895,Good
bell pepper,74.37785,Good
black roast coffee,97.02498,Good
air freshener,129.3343,Good
caramel latte mix,0,23
soy sauce,19.74688,Good
black roast coffee,40.39482,Good
pain relief oil,70.36993,Good
sword pepper,105.344,Good
cayenne pepper,133.9914,Good
cotton buds,0,24
yogurt juice,36.42519,Good
chocolate cake bar,53.06992,Good
breakfast cereal,82.37939,Good
muffin,105.6941,Good
fries,136.0006,Good
ramen,0,25
canned ham,19.41665,Good
sword pepper,47.06206,Good
cloves,73.70959,Good
fries,93.02126,Good
mosquito net,132.9953,Good
cheddar spread,170.1518,Good
misua,0,26
whitening lotion,29.42389,Good
pet shampoo,50.40527,Good
onion,84.04845,Good
chicken spread,105.0278,Good
muffin,122.3392,Good
canned ham,0,27
chocolate cake bar,27.09325,Good
cheddar spread,55.73382,Good
baby wipes,99.71172,Good
frozen bangus,154.684,Good
tacchino,181.173,Good
hazelnut with cocoa spread,0,28
breakfast cereal,21.08972,Good
shampoo,40.05304,Good
deodorant,69.36012,Good
fries,107.6711,Good
frozen bangus,123.6486,Good
bell pepper,145.1882,Good
deodorant,0,29
rejuvenating serum,16.42214,Good
dishwashing liquid,38.07011,Good
nutella,65.71479,Good
bell pepper,90.69375,Good
onion,105.3357,Good
shampoo,0,30
dishwashing liquid,25.7548,Good
sword pepper,65.39854,Good
onion,89.37724,Good
whole grain oats,114.0173,Good
cayenne pepper,0,31
whitening lotion,44.75891,Good
pet shampoo,68.4052,Good
cocoa powder,108.7154,Good
hazelnut with cocoa spread,142.3608,Good
rejuvenating serum,0,32
misua,38.4299,Good
cloves,71.07134,Good
nori,97.71758,Good
ramen,117.025,Good
ramen,0,33
canned ham,18.41944,Good
cheddar spread,37.39746,Good
chicken spread,52.02584,Good
chicken cutlet,76.00434,Good
onion,0,34
soy sauce,22.75109,Good
hazelnut with cocoa spread,50.73124,Good
vanilla cake bar,67.04815,Good
rejuvenating serum,107.0179,Good
prune juice,0,35
chicken spread,22.74648,Good
whole grain oats,46.04152,Good
canned ham,63.6862,Good
chicken cutlet,94.00013,Good
air freshener,136.312,Good
deodorant,161.4645,Good
muffin,0,36
wheat sesame,20.08311,Good
paper plates,51.72599,Good
rejuvenating serum,71.35622,Good
fries,114.9956,Good
milk tea,144.3066,Good
soy milk drink strawberry flavor,0,37
black roast coffee,19.75368,Good
white cheese,45.06636,Good
cotton buds,66.70955,Good
cocoa powder,85.68539,Good
facial wash,112.9969,Good
milk tea,0,38
ramen,17.41463,Good
cotton buds,39.06415,Good
mosquito net,69.70829,Good
baby wipes,85.35007,Good
black roast coffee,116.9951,Good
whole grain oats,133.6939,Good
chocolate cake bar,0,39
rice stick,20.08231,Good
cheddar spread,41.39526,Good
frozen bangus,65.37327,Good
white cheese,90.33426,Good
deodorant,0,40
pain relief oil,19.08551,Good
nori,49.39558,Good
frozen bangus,82.03902,Good
onion,102.3494,Good
soy milk drink strawberry flavor,130.3288,Good
toilet papers,0,41
rejuvenating serum,18.41754,Good
liquid detergent,38.73204,Good
yogurt juice,69.7075,Good
vanilla cake bar,94.33418,Good
muffin,108.9608,Good
frozen bangus,131.944,Good
garlic pack,0,42
fries,20.42035,Good
blueberries,47.72726,Good
onion,72.37669,Good
mosquito net,111.6846,Good
deodorant,127.3284,Good
black roast coffee,161.818,Good
vanilla cake bar,179.306,Good
whole grain oats,200.7948,Good
nutella,221.287,Good
potato chips,243.1162,Good
chocolate cake bar,0,43
tacchino,30.09236,Good
frozen bangus,53.73698,Good
pain relief oil,97.37917,Good
rice stick,131.0247,Good
hazelnut with cocoa spread,0,44
cheddar spread,18.41644,Good
soy milk drink strawberry flavor,41.71354,Good
mayonnaise,63.35962,Good
paper plates,100.0022,Good
pain relief oil,117.6494,Good
cayenne pepper,0,45
shampoo,36.4282,Good
mosquito net,64.06859,Good
dishwashing liquid,93.69862,Good
soy sauce,123.3452,Good
rice stick,146.864,Good
nutella,0,46
soy milk drink strawberry flavor,23.08582,Good
chicken spread,45.39269,Good
pet shampoo,79.3764,Good
toilet papers,95.68983,Good
deodorant,115.3385,Good
bell pepper,156.9768,Good
chocolate cake bar,0,47
facial wash,29.42659,Good
rejuvenating serum,45.73554,Good
blueberries,77.37854,Good
caramel latte mix,104.0245,Good
chicken spread,123.0027,Good
puto cheese,144.1596,Good
dishwashing liquid,0,48
deodorant,23.7559,Good
pain relief oil,42.06985,Good
air freshener,59.71933,Good
chicken cutlet,96.69328,Good
bell pepper,0,49
fries,24.41947,Good
sword pepper,49.73357,Good
soy sauce,79.04595,Good
canned ham,94.0236,Good
baby wipes,127.6663,Good
paper plates,147.4885,Good
seaweed,0,50
nori,23.09083,Good
mayonnaise,45.735,Good
oyster sauce,66.71825,Good
vanilla cake bar,87.6985,Good
dishwashing liquid,123.0095,Good
hazelnut with cocoa spread,0,51
paper plates,41.76076,Good
canned ham,72.73293,Good
cayenne pepper,96.37911,Good
garlic pack,108.0296,Good
fries,131.3538,Good
blueberries,163.5075,Good
cayenne pepper,0,52
grapes,23.75329,Good
yogurt juice,38.40096,Good
blueberries,56.04544,Good
watermelon,71.35751,Good
mosquito net,103.3355,Good
vanilla cake bar,142.9812,Good
toilet papers,0,53
cotton buds,15.74678,Good
soy sauce,63.73,Good
mushrooms,97.37339,Good
white cheese,124.6804,Good
sword pepper,0,54
fries,25.42037,Good
chicken cutlet,41.4001,Good
dishwashing liquid,80.37936,Good
paper plates,98.68938,Good
caramel latte mix,128.3337,Good
pet shampoo,0,55
imported drinks,33.76346,Good
cocoa powder,50.40989,Good
misua,67.72025,Good
garlic pack,91.69846,Good
grapes,116.6774,Good
fries,0,56
muffin,29.42659,Good
chicken spread,47.72308,Good
air freshener,81.69669,Good
dishwashing liquid,98.0099,Good
rice stick,128.9845,Good
mushrooms,0,57
potato chips,28.09395,Good
mayonnaise,52.4048,Good
grapes,82.71432,Good
puto cheese,112.6909,Good
cocoa powder,0,58
nutella,25.42587,Good
misua,51.73874,Good
mayonnaise,78.05055,Good
prune juice,99.69994,Good
bell pepper,0,59
muffin,32.42489,Good
cotton buds,68.71556,Good
mushrooms,96.35835,Good
canned ham,110.6703,Good
baby wipes,0,60
shampoo,17.74817,Good
hazelnut with cocoa spread,62.39603,Good
vanilla cake bar,78.70924,Good
imported drinks,105.3537,Good
cocoa powder,122.0002,Good
chocolate cake bar,0,61
soy sauce,20.75399,Good
wheat sesame,47.06584,Good
oyster sauce,74.04479,Good
fries,109.3539,Good
mosquito net,154.6641,Good
canned ham,189.8194,Good
whitening lotion,0,62
air freshener,21.75399,Good
chicken cutlet,60.72928,Good
imported drinks,87.04289,Good
prune juice,108.3546,Good
soy milk drink strawberry flavor,125.0038,Good
fries,0,63
cotton buds,26.08974,Good
misua,42.73021,Good
breakfast cereal,64.04467,Good
black roast coffee,80.6875,Good
deodorant,117.9965,Good
baby wipes,132.4362,Good
sword pepper,0,64
bell pepper,14.74505,Good
oyster sauce,62.06599,Good
baby wipes,112.036,Good
cocoa powder,145.6783,Good
deodorant,0,65
whitening lotion,14.41197,Good
bell pepper,58.73497,Good
white cheese,80.71558,Good
whole grain oats,113.688,Good
nori,139.3363,Good
imported drinks,0,66
nori,14.74435,Good
choco pie,36.73631,Good
white cheese,67.04634,Good
hazelnut with cocoa spread,96.69022,Good
facial wash,136.3322,Good
pet shampoo,159.4864,Good
oyster sauce,0,67
cotton buds,16.74786,Good
breakfast cereal,38.0621,Good
puto cheese,58.042,Good
grapes,89.34559,Good
tacchino,112.9936,Good
oyster sauce,0,68
ramen,18.08541,Good
choco pie,39.73679,Good
nori,62.04601,Good
soy milk drink strawberry flavor,87.35938,Good
deodorant,0,69
canned ham,38.431,Good
seaweed,56.07547,Good
rice stick,82.3866,Good
nori,98.3628,Good
imported drinks,113.0099,Good
white cheese,139.6584,Good
onion,0,70
black roast coffee,22.7562,Good
whole grain oats,41.06635,Good
wheat sesame,60.70883,Good
paper plates,94.35222,Good
rice stick,130.6593,Good
shampoo,0,71
facial wash,16.41543,Good
nori,42.73244,Good
ramen,60.70964,Good
milk tea,78.35433,Good
vanilla cake bar,102.3325,Good
grapes,128.9745,Good
chicken spread,0,72
cotton buds,20.08241,Good
baby wipes,51.37663,Good
toilet papers,69.02022,Good
white cheese,106.3313,Good
chocolate cake bar,0,73
imported drinks,19.41975,Good
potato chips,44.73585,Good
whitening lotion,72.38354,Good
hazelnut with cocoa spread,122.691,Good
soy sauce,0,74
cotton buds,16.07969,Good
fries,42.72824,Good
liquid detergent,86.03793,Good
baby wipes,111.6848,Good
paper plates,131.9974,Good
choco pie,0,75
rice stick,26.41877,Good
canned ham,46.73333,Good
air freshener,73.04565,Good
watermelon,111.3579,Good
sword pepper,129.6701,Good
vanilla cake bar,0,76
soy sauce,20.75028,Good
cocoa powder,55.72887,Good
baby wipes,85.70598,Good
bell pepper,126.6795,Good
rice stick,0,77
oyster sauce,16.07939,Good
black roast coffee,31.72833,Good
puto cheese,46.37461,Good
whole grain oats,65.68797,Good
chocolate cake bar,0,78
potato chips,20.08631,Good
mayonnaise,39.73329,Good
cheddar spread,62.04811,Good
rejuvenating serum,94.68955,Good
dishwashing liquid,115.0036,Good
mosquito net,139.9843,Good
soy sauce,0,79
oyster sauce,13.41375,Good
puto cheese,35.74286,Good
caramel latte mix,51.05452,Good
pet shampoo,76.03267,Good
nori,105.6795,Good
canned ham,126.322,Good
milk tea,0,80
soy sauce,25.42157,Good
black roast coffee,45.06679,Good
chicken spread,65.04758,Good
onion,88.35956,Good
cloves,110.3394,Good
ramen,0,81
yogurt juice,17.41433,Good
mayonnaise,38.72734,Good
mushrooms,61.03796,Good
whole grain oats,81.01846,Good
onion,105.9977,Good
soy sauce,0,82
canned ham,21.40051,Good
milk tea,43.71257,Good
potato chips,64.3554,Good
white cheese,94.00128,Good
bell pepper,110.3148,Good
pet shampoo,0,83
caramel latte mix,27.75761,Good
prune juice,43.40313,Good
ramen,61.38263,Good
nori,84.36388,Good
soy sauce,0,84
black roast coffee,23.42206,Good
potato chips,52.06754,Good
seaweed,75.04109,Good
baby wipes,110.0181,Good
dishwashing liquid,136.9974,Good
air freshener,154.8223,Good
wheat sesame,0,85
chocolate cake bar,18.41594,Good
grapes,45.71123,Good
fries,69.35641,Good
deodorant,111.3304,Good
onion,0,86
baby wipes,40.08918,Good
liquid detergent,63.07154,Good
canned ham,87.38496,Good
ramen,102.3455,Good
canned ham,0,87
mayonnaise,15.74788,Good
misua,38.73464,Good
garlic pack,62.04591,Good
grapes,86.35802,Good
puto cheese,112.3367,Good
rejuvenating serum,146.3121,Good
puto cheese,0,88
soy sauce,22.08422,Good
mushrooms,47.06361,Good
cloves,68.71021,Good
toilet papers,103.3503,Good
deodorant,0,89
shampoo,17.0806,Good
dishwashing liquid,43.39417,Good
watermelon,79.70499,Good
misua,120.0181,Good
rice stick,155.6051,Good
canned ham,176.4314,Good
bell pepper,0,90
soy sauce,25.09214,Good
potato chips,49.07078,Good
imported drinks,70.71786,Good
whole grain oats,92.69796,Good
chicken spread,114.3416,Good
muffin,0,91
chicken spread,18.0813,Good
puto cheese,38.73063,Good
potato chips,66.70965,Good
nutella,88.33946,Good
choco pie,111.3191,Good
grapes,138.9614,Good
nori,0,92
facial wash,30.09316,Good
dishwashing liquid,55.74128,Good
baby wipes,80.71864,Good
muffin,124.3612,Good
cocoa powder,0,93
milk tea,15.07913,Good
mayonnaise,34.39949,Good
pain relief oil,62.04498,Good
cloves,94.35581,Good
watermelon,0,94
bell pepper,18.06007,Good
misua,44.70871,Good
rice stick,58.01498,Good
canned ham,79.99739,Good
hazelnut with cocoa spread,106.3098,Good
air freshener,144.6201,Good
grapes,0,95
bell pepper,26.41877,Good
nori,52.39791,Good
pain relief oil,85.7048,Good
facial wash,105.3508,Good
black roast coffee,0,96
caramel latte mix,13.41005,Good
pet shampoo,39.0763,Good
paper plates,55.38822,Good
rice stick,84.36748,Good
blueberries,103.6801,Good
toilet papers,0,97
chocolate cake bar,33.75856,Good
cloves,61.06763,Good
vanilla cake bar,83.04824,Good
puto cheese,97.69458,Good
black roast coffee,113.0059,Good
caramel latte mix,0,98
black roast coffee,14.41098,Good
yogurt juice,37.73722,Good
bell pepper,54.71767,Good
cocoa powder,74.36565,Good
choco pie,0,99
cotton buds,25.7558,Good
potato chips,53.0734,Good
shampoo,78.05236,Good
pet shampoo,110.6969,Good
cloves,146.3417,Good
cheddar spread,163.8324,Good
blueberries,0,1
cloves,32.14947,Good
watermelon,56.85673,Good
breakfast cereal,81.89964,Good
vanilla cake bar,101.9218,Good
cheddar spread,121.9435,Good
white cheese,0,2
soy milk drink strawberry flavor,29.83017,Good
cheddar spread,51.85317,Good
rice stick,71.87414,Good
cocoa powder,88.55054,Good
caramel latte mix,0,3
whole grain oats,16.44136,Good
hazelnut with cocoa spread,37.47232,Good
breakfast cereal,59.83691,Good
blueberries,85.87348,Good
tacchino,106.5652,Good
vanilla cake bar,0,4
rice stick,22.13687,Good
seaweed,44.16428,Good
bell pepper,68.86477,Good
frozen bangus,89.55147,Good
chocolate cake bar,0,5
puto cheese,29.49624,Good
chicken cutlet,58.8785,Good
facial wash,103.9743,Good
dishwashing liquid,129.6785,Good
pain relief oil,150.2132,Good
paper plates,0,6
rejuvenating serum,18.78711,Good
pet shampoo,38.47818,Good
rice stick,67.52628,Good
yogurt juice,84.20309,Good
black roast coffee,106.8996,Good
whole grain oats,123.577,Good
whole grain oats,0,7
ramen,18.78801,Good
choco pie,39.81554,Good
nori,61.84052,Good
frozen bangus,91.89027,Good
bell pepper,0,8
onion,21.80033,Good
vanilla cake bar,45.1661,Good
mushrooms,64.52094,Good
milk tea,85.54446,Good
rejuvenating serum,0,9
whitening lotion,15.10095,Good
nutella,47.1694,Good
imported drinks,72.53992,Good
white cheese,98.57988,Good
black roast coffee,128.2923,Good
muffin,147.8206,Good
ramen,0,10
shampoo,20.79922,Good
mayonnaise,43.49706,Good
cayenne pepper,68.53188,Good
onion,88.21903,Good
tacchino,106.9045,Good
wheat sesame,130.9363,Good
yogurt juice,0,11
rice stick,21.79923,Good
pet shampoo,54.52605,Good
mosquito net,80.2366,Good
facial wash,97.24972,Good
bell pepper,0,12
yogurt juice,16.45167,Good
grapes,32.8047,Good
rice stick,52.82657,Good
black roast coffee,72.84214,Good
soy milk drink strawberry flavor,93.53733,Good
chicken spread,116.5619,Good
chicken cutlet,0,13
cayenne pepper,21.12565,Good
choco pie,47.16515,Good
nutella,68.51859,Good
puto cheese,89.21279,Good
whitening lotion,121.9452,Good
sword pepper,0,14
fries,27.48533,Good
grapes,54.8659,Good
pain relief oil,93.27576,Good
facial wash,112.6229,Good
cotton buds,131.9762,Good
prune juice,166.2234,Good
cotton buds,0,15
potato chips,27.82496,Good
soy sauce,53.52964,Good
baby wipes,90.93226,Good
breakfast cereal,125.9992,Good
vanilla cake bar,0,16
ramen,23.47281,Good
rejuvenating serum,53.5262,Good
liquid detergent,75.88798,Good
facial wash,101.2588,Good
cloves,143.0087,Good
fries,0,17
cayenne pepper,22.80013,Good
bell pepper,42.82203,Good
oyster sauce,63.50793,Good
chicken spread,84.53914,Good
facial wash,0,18
mosquito net,16.43935,Good
frozen bangus,64.21582,Good
white cheese,88.5827,Good
nutella,119.6421,Good
mushrooms,141.2614,Good
black roast coffee,160.1225,Good
dishwashing liquid,0,19
white cheese,35.176,Good
frozen bangus,58.20501,Good
nutella,87.92396,Good
mayonnaise,99.58811,Good
ramen,114.935,Good
yogurt juice,0,20
misua,16.7758,Good
mosquito net,46.83438,Good
deodorant,62.50534,Good
caramel latte mix,95.57075,Good
cayenne pepper,113.9212,Good
seaweed,0,21
oyster sauce,20.12625,Good
nutella,39.81074,Good
soy sauce,54.47845,Good
white cheese,84.5285,Good
breakfast cereal,113.5782,Good
bell pepper,0,22
black roast coffee,31.84149,Good
air freshener,61.89069,Good
seaweed,94.28036,Good
rice stick,119.644,Good
nori,135.2446,Good
sword pepper,0,23
cayenne pepper,30.83628,Good
soy sauce,52.18995,Good
black roast coffee,68.86855,Good
caramel latte mix,83.53986,Good
pain relief oil,113.9281,Good
yogurt juice,0,24
cotton buds,20.12615,Good
chocolate cake bar,41.1496,Good
breakfast cereal,67.8625,Good
muffin,89.22773,Good
fries,116.9387,Good
canned ham,0,25
ramen,14.76747,Good
mosquito net,45.16584,Good
cheddar spread,83.57529,Good
cloves,99.58076,Good
fries,118.9326,Good
sword pepper,143.828,Good
chicken spread,0,26
misua,26.81565,Good
muffin,50.51373,Good
whitening lotion,87.58522,Good
pet shampoo,108.9387,Good
onion,142.6672,Good
baby wipes,0,27
frozen bangus,48.89466,Good
tacchino,72.59191,Good
canned ham,100.6382,Good
chocolate cake bar,125.3441,Good
cheddar spread,152.7424,Good
shampoo,0,28
deodorant,35.51562,Good
breakfast cereal,70.57622,Good
hazelnut with cocoa spread,94.61327,Good
bell pepper,118.9759,Good
frozen bangus,141.8816,Good
fries,159.0667,Good
deodorant,0,29
rejuvenating serum,16.44687,Good
dishwashing liquid,38.812,Good
nutella,67.86121,Good
onion,95.23824,Good
bell pepper,113.2537,Good
shampoo,0,30
dishwashing liquid,30.1609,Good
whole grain oats,55.19775,Good
sword pepper,84.57727,Good
onion,107.9393,Good
cayenne pepper,0,31
cocoa powder,27.14749,Good
hazelnut with cocoa spread,58.54354,Good
whitening lotion,102.2997,Good
pet shampoo,125.3312,Good
cloves,0,32
misua,30.82947,Good
ramen,65.89542,Good
nori,84.58052,Good
rejuvenating serum,111.9581,Good
cheddar spread,0,33
chicken spread,14.76757,Good
canned ham,36.80903,Good
ramen,51.47454,Good
chicken cutlet,80.85646,Good
rejuvenating serum,0,34
hazelnut with cocoa spread,46.55605,Good
vanilla cake bar,62.89553,Good
soy sauce,84.92641,Good
onion,121.666,Good
air freshener,0,35
deodorant,25.14538,Good
prune juice,62.21781,Good
whole grain oats,76.88473,Good
chicken spread,100.9189,Good
chicken cutlet,130.9704,Good
canned ham,162.8714,Good
wheat sesame,0,36
muffin,19.12355,Good
fries,45.50572,Good
rejuvenating serum,86.92342,Good
paper plates,105.9446,Good
milk tea,138.3346,Good
facial wash,0,37
cotton buds,19.11944,Good
white cheese,65.21898,Good
black roast coffee,93.60105,Good
soy milk drink strawberry flavor,114.9598,Good
cocoa powder,146.0061,Good
whole grain oats,0,38
black roast coffee,17.44706,Good
cotton buds,36.13745,Good
milk tea,54.48944,Good
ramen,72.50551,Good
mosquito net,99.21149,Good
baby wipes,115.5561,Good
frozen bangus,0,39
white cheese,28.49354,Good
cheddar spread,58.87865,Good
chocolate cake bar,81.57785,Good
rice stick,108.9573,Good
nori,0,40
soy milk drink strawberry flavor,28.82717,Good
frozen bangus,61.55539,Good
onion,83.24404,Good
pain relief oil,123.9985,Good
deodorant,144.6085,Good
liquid detergent,0,41
rejuvenating serum,23.13787,Good
toilet papers,43.4962,Good
yogurt juice,85.58385,Good
frozen bangus,114.6335,Good
vanilla cake bar,143.0116,Good
muffin,158.5242,Good
vanilla cake bar,0,42
black roast coffee,17.44897,Good
mosquito net,61.5458,Good
nutella,97.28072,Good
potato chips,121.3121,Good
garlic pack,155.4239,Good
rice stick,0,43
chocolate cake bar,19.45718,Good
pain relief oil,49.51181,Good
tacchino,89.25623,Good
frozen bangus,112.6156,Good
cheddar spread,0,44
mayonnaise,16.11444,Good
soy milk drink strawberry flavor,38.14886,Good
hazelnut with cocoa spread,57.83551,Good
paper plates,96.91581,Good
pain relief oil,114.5939,Good
soy sauce,0,45
shampoo,32.17265,Good
dishwashing liquid,47.5093,Good
mosquito net,74.55551,Good
cayenne pepper,118.3127,Good
rice stick,142.164,Good
bell pepper,0,46
deodorant,37.85743,Good
pet shampoo,60.88734,Good
toilet papers,77.23113,Good
nutella,109.2866,Good
chicken spread,134.6577,Good
soy milk drink strawberry flavor,158.2,Good
chocolate cake bar,0,47
rejuvenating serum,28.1575,Good
facial wash,43.82969,Good
blueberries,75.54784,Good
puto cheese,103.5977,Good
chicken spread,124.2826,Good
caramel latte mix,143.5803,Good
chicken cutlet,0,48
deodorant,39.1935,Good
air freshener,61.55029,Good
pain relief oil,78.56801,Good
dishwashing liquid,97.58002,Good
baby wipes,0,49
paper plates,18.782,Good
soy sauce,51.5044,Good
fries,76.21,Good
bell pepper,94.8958,Good
sword pepper,115.5844,Good
canned ham,144.9676,Good
dishwashing liquid,0,50
seaweed,28.49203,Good
mayonnaise,40.15692,Good
nori,61.52532,Good
oyster sauce,80.20922,Good
vanilla cake bar,99.89857,Good
paper plates,0,51
blueberries,34.17705,Good
garlic pack,59.54878,Good
fries,78.90702,Good
cayenne pepper,98.93149,Good
canned ham,119.9553,Good
hazelnut with cocoa spread,142.9327,Good
vanilla cake bar,0,52
grapes,30.83988,Good
cayenne pepper,58.54945,Good
blueberries,88.59641,Good
yogurt juice,107.2894,Good
watermelon,122.9572,Good
mosquito net,161.2183,Good
soy sauce,0,53
cotton buds,37.52301,Good
toilet papers,52.86285,Good
mushrooms,80.23908,Good
white cheese,109.2888,Good
caramel latte mix,0,54
fries,26.48662,Good
sword pepper,51.85748,Good
chicken cutlet,74.55357,Good
dishwashing liquid,114.2997,Good
paper plates,133.3254,Good
misua,0,55
pet shampoo,33.17741,Good
grapes,71.58777,Good
garlic pack,98.62957,Good
imported drinks,123.3314,Good
cocoa powder,140.5477,Good
dishwashing liquid,0,56
air freshener,16.44586,Good
muffin,48.16754,Good
chicken spread,65.847,Good
fries,89.21094,Good
rice stick,116.5894,Good
potato chips,0,57
mushrooms,26.81445,Good
mayonnaise,49.51759,Good
puto cheese,73.54425,Good
grapes,101.5927,Good
prune juice,0,58
misua,26.82156,Good
mayonnaise,54.19832,Good
nutella,79.56966,Good
cocoa powder,101.595,Good
muffin,0,59
cotton buds,41.86723,Good
mushrooms,73.25306,Good
canned ham,87.59335,Good
bell pepper,111.6282,Good
imported drinks,0,60
shampoo,14.76867,Good
cocoa powder,32.1276,Good
baby wipes,60.84129,Good
hazelnut with cocoa spread,100.9193,Good
vanilla cake bar,116.5896,Good
fries,0,61
mosquito net,40.86338,Good
oyster sauce,79.94128,Good
wheat sesame,106.6557,Good
chocolate cake bar,125.0056,Good
soy sauce,145.0261,Good
canned ham,170.575,Good
soy milk drink strawberry flavor,0,62
prune juice,17.11294,Good
imported drinks,37.81154,Good
air freshener,68.52813,Good
whitening lotion,90.21848,Good
chicken cutlet,129.9652,Good
fries,0,63
black roast coffee,29.49874,Good
misua,61.55664,Good
breakfast cereal,91.94102,Good
cotton buds,126.0049,Good
baby wipes,144.7646,Good
deodorant,160.2764,Good
baby wipes,0,64
cocoa powder,32.84369,Good
oyster sauce,54.86636,Good
bell pepper,75.56007,Good
sword pepper,102.2685,Good
whitening lotion,0,65
deodorant,14.434,Good
whole grain oats,44.83526,Good
nori,66.85952,Good
bell pepper,88.21725,Good
white cheese,104.5635,Good
nori,0,66
imported drinks,14.76857,Good
choco pie,37.47577,Good
hazelnut with cocoa spread,64.8511,Good
facial wash,102.5922,Good
pet shampoo,124.2857,Good
white cheese,160.6305,Good
puto cheese,0,67
breakfast cereal,19.45628,Good
oyster sauce,44.82938,Good
cotton buds,77.55398,Good
tacchino,99.91706,Good
grapes,118.601,Good
soy milk drink strawberry flavor,0,68
oyster sauce,20.12094,Good
nori,51.50431,Good
choco pie,73.53827,Good
ramen,94.22598,Good
deodorant,0,69
white cheese,35.1848,Good
imported drinks,57.54519,Good
canned ham,77.56137,Good
rice stick,96.9132,Good
nori,112.2559,Good
seaweed,132.2819,Good
wheat sesame,0,70
black roast coffee,15.10615,Good
whole grain oats,32.46251,Good
rice stick,53.15321,Good
onion,75.17688,Good
paper plates,110.5753,Good
facial wash,0,71
shampoo,16.44827,Good
vanilla cake bar,52.85687,Good
ramen,74.2131,Good
nori,95.57244,Good
milk tea,108.9005,Good
grapes,127.5879,Good
toilet papers,0,72
cotton buds,14.76917,Good
baby wipes,31.46062,Good
chicken spread,71.54448,Good
white cheese,99.58894,Good
hazelnut with cocoa spread,0,73
chocolate cake bar,15.10755,Good
imported drinks,38.48841,Good
potato chips,59.18081,Good
whitening lotion,81.87741,Good
fries,0,74
cotton buds,53.5691,Good
paper plates,69.57877,Good
baby wipes,90.60318,Good
liquid detergent,117.9768,Good
soy sauce,157.1765,Good
air freshener,0,75
sword pepper,39.86353,Good
watermelon,57.8719,Good
choco pie,84.24628,Good
rice stick,109.6172,Good
canned ham,129.6384,Good
soy sauce,0,76
cocoa powder,24.14338,Good
baby wipes,54.20218,Good
vanilla cake bar,93.943,Good
bell pepper,119.9812,Good
oyster sauce,0,77
rice stick,17.782,Good
puto cheese,41.82033,Good
whole grain oats,63.84859,Good
black roast coffee,82.5333,Good
mosquito net,0,78
dishwashing liquid,24.47831,Good
rejuvenating serum,44.82744,Good
chocolate cake bar,78.55778,Good
mayonnaise,95.90891,Good
cheddar spread,111.2403,Good
potato chips,136.6157,Good
pet shampoo,0,79
soy sauce,31.84079,Good
canned ham,46.50965,Good
nori,71.87648,Good
oyster sauce,92.56979,Good
puto cheese,112.2584,Good
caramel latte mix,128.9337,Good
black roast coffee,0,80
soy sauce,20.12234,Good
chicken spread,42.14555,Good
milk tea,66.84695,Good
onion,90.88081,Good
cloves,110.2325,Good
mayonnaise,0,81
whole grain oats,26.1573,Good
yogurt juice,55.54435,Good
mushrooms,76.23396,Good
ramen,100.2701,Good
onion,135.0016,Good
bell pepper,0,82
white cheese,17.11364,Good
potato chips,48.17335,Good
milk tea,68.86346,Good
canned ham,91.55875,Good
soy sauce,108.2427,Good
nori,0,83
ramen,19.45788,Good
pet shampoo,52.17744,Good
prune juice,78.55202,Good
caramel latte mix,94.5584,Good
air freshener,0,84
dishwashing liquid,15.7776,Good
baby wipes,38.81179,Good
black roast coffee,71.87299,Good
soy sauce,91.89426,Good
seaweed,115.2604,Good
potato chips,135.6157,Good
chocolate cake bar,0,85
fries,28.82777,Good
grapes,53.5321,Good
wheat sesame,76.56161,Good
deodorant,112.9636,Good
liquid detergent,0,86
baby wipes,27.15359,Good
onion,76.92464,Good
ramen,105.6444,Good
canned ham,121.3192,Good
mayonnaise,0,87
canned ham,16.44126,Good
misua,36.46747,Good
rejuvenating serum,64.51353,Good
grapes,93.56223,Good
garlic pack,119.2682,Good
puto cheese,140.1818,Good
toilet papers,0,88
cloves,43.54301,Good
soy sauce,66.23671,Good
mushrooms,80.91121,Good
puto cheese,103.6072,Good
dishwashing liquid,0,89
shampoo,15.10215,Good
deodorant,37.81169,Good
watermelon,69.53563,Good
misua,110.619,Good
rice stick,145.0161,Good
canned ham,165.8833,Good
chicken spread,0,90
whole grain oats,24.81695,Good
soy sauce,49.51308,Good
bell pepper,84.9138,Good
potato chips,118.9789,Good
imported drinks,143.217,Good
chicken spread,0,91
puto cheese,22.81064,Good
muffin,39.48627,Good
grapes,73.216,Good
nutella,102.9331,Good
choco pie,128.9723,Good
potato chips,145.487,Good
nori,0,92
baby wipes,32.84229,Good
dishwashing liquid,58.88214,Good
facial wash,85.25572,Good
muffin,131.0205,Good
mayonnaise,0,93
milk tea,21.79773,Good
cocoa powder,37.14,Good
cloves,64.51483,Good
pain relief oil,101.9215,Good
watermelon,0,94
bell pepper,16.7811,Good
misua,56.53285,Good
hazelnut with cocoa spread,79.56367,Good
air freshener,110.6189,Good
canned ham,134.3099,Good
rice stick,153.841,Good
nori,0,95
pain relief oil,29.49884,Good
facial wash,47.84746,Good
grapes,78.91026,Good
bell pepper,95.92078,Good
caramel latte mix,0,96
black roast coffee,14.4361,Good
rice stick,35.80872,Good
paper plates,73.88245,Good
pet shampoo,91.56641,Good
blueberries,136.6624,Good
toilet papers,0,97
puto cheese,29.49654,Good
chocolate cake bar,44.16358,Good
black roast coffee,60.84608,Good
vanilla cake bar,76.85306,Good
cloves,97.54795,Good
cocoa powder,0,98
yogurt juice,13.43047,Good
bell pepper,37.48294,Good
black roast coffee,61.5114,Good
caramel latte mix,76.17761,Good
cloves,0,99
cotton buds,20.79452,Good
choco pie,45.16223,Good
shampoo,69.86363,Good
potato chips,93.22826,Good
cheddar spread,119.937,Good
pet shampoo,150.2641,Good
cheddar spread,0,1
breakfast cereal,20.12755,Good
cloves,42.82008,Good
watermelon,68.86455,Good
blueberries,84.54081,Good
cheddar spread,0,2
soy milk drink strawberry flavor,24.81194,Good
white cheese,59.87787,Good
cocoa powder,82.90968,Good
rice stick,100.9254,Good
whole grain oats,0,3
breakfast cereal,15.10225,Good
caramel latte mix,30.4527,Good
hazelnut with cocoa spread,49.47626,Good
blueberries,77.85483,Good
tacchino,97.877,Good
vanilla cake bar,0,4
rice stick,21.46569,Good
seaweed,42.82525,Good
frozen bangus,72.20779,Good
bell pepper,93.2324,Good
puto cheese,0,5
chocolate cake bar,15.43653,Good
facial wash,58.86678,Good
pain relief oil,77.8854,Good
dishwashing liquid,97.90716,Good
chicken cutlet,140.3293,Good
black roast coffee,0,6
whole grain oats,17.44987,Good
rice stick,38.14186,Good
yogurt juice,54.82125,Good
pet shampoo,86.88301,Good
paper plates,103.2228,Good
rejuvenating serum,122.5733,Good
ramen,0,7
nori,17.44467,Good
choco pie,40.14876,Good
whole grain oats,61.5078,Good
frozen bangus,90.88972,Good
vanilla cake bar,0,8
onion,23.48142,Good
bell pepper,40.15365,Good
mushrooms,60.17632,Good
milk tea,76.85342,Good
white cheese,0,9
whitening lotion,43.87492,Good
rejuvenating serum,58.53743,Good
imported drinks,92.26506,Good
nutella,117.6418,Good
muffin,145.7864,Good
black roast coffee,165.9854,Good
mayonnaise,0,10
wheat sesame,17.44957,Good
cayenne pepper,33.79264,Good
tacchino,58.83366,Good
onion,77.52165,Good
shampoo,110.2416,Good
ramen,136.2799,Good
yogurt juice,0,11
facial wash,31.83769,Good
mosquito net,48.18153,Good
pet shampoo,71.21824,Good
rice stick,99.59742,Good
yogurt juice,0,12
rice stick,16.7803,Good
black roast coffee,35.46963,Good
chicken spread,54.14963,Good
soy milk drink strawberry flavor,74.84203,Good
bell pepper,99.87824,Good
grapes,121.2394,Good
choco pie,0,13
nutella,23.4745,Good
whitening lotion,52.85756,Good
puto cheese,89.93006,Good
cayenne pepper,110.621,Good
chicken cutlet,134.3185,Good
prune juice,0,14
cotton buds,19.45618,Good
facial wash,53.85262,Good
pain relief oil,72.20221,Good
fries,113.6212,Good
grapes,138.3245,Good
sword pepper,157.5259,Good
cotton buds,0,15
potato chips,29.83067,Good
soy sauce,55.86998,Good
breakfast cereal,73.88515,Good
baby wipes,111.9617,Good
facial wash,0,16
liquid detergent,22.4679,Good
rejuvenating serum,43.16084,Good
ramen,66.18906,Good
vanilla cake bar,90.89216,Good
cloves,111.5822,Good
bell pepper,0,17
fries,23.80444,Good
cayenne pepper,44.49948,Good
chicken spread,61.17799,Good
oyster sauce,85.21565,Good
mosquito net,0,18
facial wash,17.11684,Good
black roast coffee,57.5361,Good
mushrooms,74.88165,Good
nutella,93.23333,Good
white cheese,128.6341,Good
frozen bangus,156.5218,Good
ramen,0,19
nutella,17.45327,Good
mayonnaise,29.11727,Good
dishwashing liquid,57.17356,Good
frozen bangus,96.25005,Good
white cheese,120.6121,Good
mosquito net,0,20
deodorant,15.7738,Good
yogurt juice,42.82539,Good
misua,58.83566,Good
cayenne pepper,81.53165,Good
caramel latte mix,100.2104,Good
oyster sauce,0,21
seaweed,20.46179,Good
nutella,35.12873,Good
soy sauce,49.79514,Good
breakfast cereal,67.14527,Good
white cheese,96.52769,Good
bell pepper,0,22
rice stick,25.81715,Good
nori,41.15834,Good
seaweed,62.51487,Good
black roast coffee,83.8752,Good
air freshener,112.5839,Good
soy sauce,0,23
cayenne pepper,24.14277,Good
sword pepper,53.85436,Good
pain relief oil,90.59954,Good
black roast coffee,121.6543,Good
caramel latte mix,136.7233,Good
muffin,0,24
breakfast cereal,21.80043,Good
chocolate cake bar,42.48497,Good
yogurt juice,71.19267,Good
fries,94.89651,Good
cotton buds,139.6592,Good
cheddar spread,0,25
fries,22.13517,Good
sword pepper,46.16967,Good
cloves,72.87627,Good
ramen,98.24699,Good
canned ham,115.5979,Good
mosquito net,145.6505,Good
misua,0,26
chicken spread,24.81485,Good
muffin,42.83155,Good
onion,69.87247,Good
whitening lotion,112.6267,Good
pet shampoo,135.3233,Good
canned ham,0,27
chocolate cake bar,24.14057,Good
tacchino,46.83891,Good
frozen bangus,69.52931,Good
cheddar spread,92.55833,Good
baby wipes,129.9651,Good
hazelnut with cocoa spread,0,28
breakfast cereal,25.81745,Good
deodorant,64.56107,Good
shampoo,81.5743,Good
frozen bangus,137.368,Good
bell pepper,163.9169,Good
fries,185.4564,Good
deodorant,0,29
dishwashing liquid,25.14688,Good
rejuvenating serum,46.83937,Good
nutella,75.88858,Good
bell pepper,103.5937,Good
onion,120.9461,Good
whole grain oats,0,30
onion,24.81725,Good
sword pepper,48.85225,Good
shampoo,70.21068,Good
dishwashing liquid,102.2663,Good
cayenne pepper,0,31
pet shampoo,35.1832,Good
whitening lotion,58.21471,Good
hazelnut with cocoa spread,103.3102,Good
cocoa powder,135.0339,Good
rejuvenating serum,0,32
misua,36.51407,Good
ramen,67.8965,Good
nori,90.59389,Good
cloves,116.6323,Good
cheddar spread,0,33
chicken spread,14.76787,Good
chicken cutlet,38.81224,Good
ramen,62.50379,Good
canned ham,81.86092,Good
onion,0,34
soy sauce,23.47501,Good
rejuvenating serum,60.21263,Good
hazelnut with cocoa spread,106.6332,Good
vanilla cake bar,122.9727,Good
whole grain oats,0,35
prune juice,14.76817,Good
chicken spread,35.46947,Good
chicken cutlet,58.83469,Good
air freshener,95.9073,Good
deodorant,118.2704,Good
canned ham,149.4724,Good
paper plates,0,36
rejuvenating serum,21.46599,Good
fries,73.24844,Good
wheat sesame,100.6246,Good
muffin,121.6502,Good
milk tea,153.7806,Good
white cheese,0,37
cocoa powder,21.13166,Good
cotton buds,39.8136,Good
black roast coffee,58.49631,Good
soy milk drink strawberry flavor,77.84784,Good
facial wash,112.2463,Good
cotton buds,0,38
baby wipes,18.11824,Good
mosquito net,35.46323,Good
whole grain oats,78.55033,Good
black roast coffee,97.23874,Good
ramen,117.9265,Good
milk tea,142.7507,Good
white cheese,0,39
frozen bangus,25.14598,Good
chocolate cake bar,58.87615,Good
rice stick,78.23008,Good
cheddar spread,99.58851,Good
soy milk drink strawberry flavor,0,40
pain relief oil,37.85633,Good
deodorant,58.21131,Good
nori,91.93995,Good
frozen bangus,130.6832,Good
onion,154.5591,Good
muffin,0,41
vanilla cake bar,14.4338,Good
rejuvenating serum,47.1739,Good
liquid detergent,68.19791,Good
toilet papers,85.87967,Good
yogurt juice,116.5997,Good
frozen bangus,145.3222,Good
nutella,0,42
potato chips,22.13406,Good
mosquito net,48.17226,Good
garlic pack,91.26165,Good
vanilla cake bar,112.9434,Good
black roast coffee,129.6196,Good
tacchino,0,43
frozen bangus,22.80013,Good
chocolate cake bar,48.50671,Good
pain relief oil,81.89934,Good
rice stick,113.6226,Good
pain relief oil,0,44
paper plates,18.11744,Good
cheddar spread,54.85738,Good
soy milk drink strawberry flavor,80.22881,Good
hazelnut with cocoa spread,100.2538,Good
mayonnaise,115.9263,Good
cayenne pepper,0,45
shampoo,21.79612,Good
rice stick,37.1344,Good
soy sauce,52.47095,Good
dishwashing liquid,79.85068,Good
mosquito net,106.2259,Good
soy milk drink strawberry flavor,0,46
chicken spread,24.47781,Good
nutella,52.52391,Good
bell pepper,81.23981,Good
deodorant,128.6718,Good
toilet papers,150.5469,Good
pet shampoo,168.736,Good
puto cheese,0,47
chocolate cake bar,15.43793,Good
caramel latte mix,33.45824,Good
chicken spread,53.14018,Good
rejuvenating serum,92.55489,Good
facial wash,108.8944,Good
blueberries,142.6229,Good
dishwashing liquid,0,48
deodorant,23.13887,Good
pain relief oil,40.82215,Good
air freshener,57.83487,Good
chicken cutlet,92.22294,Good
soy sauce,0,49
baby wipes,34.84758,Good
paper plates,54.20321,Good
canned ham,82.57719,Good
fries,111.9543,Good
bell pepper,131.3075,Good
sword pepper,158.1943,Good
oyster sauce,0,50
vanilla cake bar,24.14908,Good
mayonnaise,42.83612,Good
seaweed,70.21125,Good
nori,91.57098,Good
dishwashing liquid,125.6391,Good
paper plates,0,51
canned ham,30.49304,Good
hazelnut with cocoa spread,56.53474,Good
cayenne pepper,76.21999,Good
garlic pack,87.88595,Good
blueberries,117.5958,Good
fries,147.7384,Good
yogurt juice,0,52
watermelon,16.10833,Good
cayenne pepper,39.1469,Good
grapes,61.84109,Good
blueberries,77.51105,Good
mosquito net,106.8946,Good
vanilla cake bar,143.2959,Good
soy sauce,0,53
cotton buds,22.13116,Good
mushrooms,37.13583,Good
white cheese,63.17679,Good
toilet papers,109.6077,Good
sword pepper,0,54
fries,24.80764,Good
chicken cutlet,41.48708,Good
dishwashing liquid,77.21951,Good
paper plates,94.90176,Good
caramel latte mix,122.2836,Good
pet shampoo,0,55
garlic pack,31.16261,Good
grapes,54.86809,Good
imported drinks,73.21258,Good
misua,87.88199,Good
cocoa powder,104.5589,Good
fries,0,56
muffin,26.81625,Good
chicken spread,44.49795,Good
rice stick,67.19935,Good
dishwashing liquid,97.25351,Good
air freshener,113.5922,Good
mayonnaise,0,57
puto cheese,22.13947,Good
grapes,52.19386,Good
potato chips,80.57304,Good
mushrooms,108.6232,Good
cocoa powder,0,58
misua,16.7753,Good
nutella,39.47932,Good
mayonnaise,51.14418,Good
prune juice,70.50288,Good
bell pepper,0,59
cotton buds,36.52036,Good
mushrooms,63.22915,Good
canned ham,77.56075,Good
muffin,98.92098,Good
imported drinks,0,60
shampoo,14.76567,Good
cocoa powder,32.79503,Good
hazelnut with cocoa spread,62.84739,Good
vanilla cake bar,79.19169,Good
baby wipes,119.2727,Good
soy sauce,0,61
wheat sesame,18.78881,Good
oyster sauce,43.1594,Good
chocolate cake bar,62.50404,Good
mosquito net,99.24912,Good
fries,138.9895,Good
canned ham,165.8751,Good
chicken cutlet,0,62
air freshener,41.87163,Good
whitening lotion,64.90125,Good
imported drinks,96.61709,Good
soy milk drink strawberry flavor,123.3323,Good
prune juice,141.218,Good
fries,0,63
baby wipes,40.19715,Good
cotton buds,56.87555,Good
deodorant,74.2192,Good
misua,110.6265,Good
black roast coffee,137.0011,Good
breakfast cereal,153.8532,Good
baby wipes,0,64
cocoa powder,31.83428,Good
oyster sauce,53.861,Good
bell pepper,74.21489,Good
sword pepper,100.929,Good
whole grain oats,0,65
whitening lotion,33.51183,Good
deodorant,48.51266,Good
nori,78.22751,Good
white cheese,102.2654,Good
bell pepper,119.2795,Good
choco pie,0,66
imported drinks,22.13897,Good
nori,36.80912,Good
facial wash,62.85028,Good
pet shampoo,84.20871,Good
hazelnut with cocoa spread,115.9264,Good
white cheese,144.3054,Good
cotton buds,0,67
oyster sauce,16.10693,Good
puto cheese,34.12757,Good
breakfast cereal,52.81237,Good
grapes,77.50638,Good
tacchino,95.85557,Good
oyster sauce,0,68
choco pie,22.4711,Good
nori,46.50509,Good
ramen,65.85724,Good
soy milk drink strawberry flavor,92.55214,Good
white cheese,0,69
canned ham,29.83218,Good
imported drinks,51.85988,Good
rice stick,66.5269,Good
nori,81.86755,Good
seaweed,103.8941,Good
deodorant,134.6179,Good
paper plates,0,70
rice stick,29.83087,Good
wheat sesame,47.84659,Good
black roast coffee,62.84792,Good
whole grain oats,79.52402,Good
onion,102.225,Good
vanilla cake bar,0,71
ramen,22.13386,Good
shampoo,43.49473,Good
nori,59.16658,Good
milk tea,72.49753,Good
facial wash,100.5478,Good
grapes,130.9389,Good
baby wipes,0,72
toilet papers,19.45218,Good
cotton buds,34.79391,Good
chicken spread,74.87804,Good
white cheese,105.5975,Good
chocolate cake bar,0,73
hazelnut with cocoa spread,16.10713,Good
whitening lotion,61.87491,Good
potato chips,87.91577,Good
imported drinks,111.6126,Good
baby wipes,0,74
cotton buds,16.7821,Good
liquid detergent,36.13736,Good
paper plates,54.48815,Good
soy sauce,81.86248,Good
fries,105.8924,Good
choco pie,0,75
rice stick,26.15039,Good
canned ham,46.84903,Good
sword pepper,78.90748,Good
watermelon,94.91225,Good
air freshener,134.3266,Good
soy sauce,0,76
vanilla cake bar,20.79462,Good
cocoa powder,48.17568,Good
baby wipes,77.5582,Good
bell pepper,117.6367,Good
puto cheese,0,77
black roast coffee,15.43062,Good
oyster sauce,42.14606,Good
whole grain oats,66.18141,Good
rice stick,88.5439,Good
cheddar spread,0,78
mayonnaise,16.11604,Good
chocolate cake bar,34.13536,Good
rejuvenating serum,71.54637,Good
mosquito net,89.89445,Good
dishwashing liquid,116.939,Good
potato chips,146.7006,Good
pet shampoo,0,79
canned ham,25.81405,Good
oyster sauce,42.48969,Good
nori,61.1783,Good
soy sauce,84.54093,Good
puto cheese,105.2309,Good
caramel latte mix,121.2377,Good
black roast coffee,0,80
chicken spread,20.79943,Good
soy sauce,46.83853,Good
milk tea,85.91243,Good
onion,115.2955,Good
cloves,137.3245,Good
mushrooms,0,81
ramen,20.79071,Good
yogurt juice,38.13899,Good
mayonnaise,58.15907,Good
whole grain oats,78.18703,Good
onion,101.5432,Good
milk tea,0,82
canned ham,22.13616,Good
potato chips,43.49243,Good
soy sauce,65.85441,Good
white cheese,94.566,Good
bell pepper,110.9081,Good
caramel latte mix,0,83
prune juice,15.7774,Good
pet shampoo,40.48726,Good
ramen,66.86175,Good
nori,88.55409,Good
dishwashing liquid,0,84
air freshener,15.7774,Good
baby wipes,36.80659,Good
potato chips,60.83935,Good
soy sauce,84.20379,Good
seaweed,103.5521,Good
black roast coffee,123.5822,Good
deodorant,0,85
chocolate cake bar,41.2007,Good
wheat sesame,59.88449,Good
grapes,82.91791,Good
fries,107.949,Good
liquid detergent,0,86
baby wipes,22.14047,Good
canned ham,51.52413,Good
ramen,66.19034,Good
onion,89.56196,Good
rejuvenating serum,0,87
mayonnaise,32.50248,Good
canned ham,49.8497,Good
misua,72.21198,Good
garlic pack,98.91138,Good
grapes,126.6222,Good
puto cheese,157.1305,Good
soy sauce,0,88
puto cheese,20.79422,Good
cloves,40.82003,Good
mushrooms,61.51533,Good
toilet papers,90.89876,Good
deodorant,0,89
shampoo,16.43955,Good
dishwashing liquid,40.14206,Good
misua,67.85381,Good
canned ham,94.89612,Good
rice stick,113.5772,Good
watermelon,132.2612,Good
imported drinks,0,90
soy sauce,24.80904,Good
potato chips,50.84874,Good
chicken spread,84.90511,Good
whole grain oats,109.6095,Good
bell pepper,135.6495,Good
chicken spread,0,91
muffin,17.45077,Good
puto cheese,33.12403,Good
grapes,57.16269,Good
nutella,81.53008,Good
choco pie,102.8896,Good
potato chips,117.5564,Good
facial wash,0,92
dishwashing liquid,24.47901,Good
baby wipes,48.17729,Good
nori,78.22855,Good
muffin,104.9377,Good
pain relief oil,0,93
cloves,41.2019,Good
mayonnaise,59.21687,Good
milk tea,89.26702,Good
cocoa powder,104.6039,Good
air freshener,0,94
misua,37.85823,Good
hazelnut with cocoa spread,66.237,Good
watermelon,99.96724,Good
bell pepper,120.3219,Good
canned ham,155.6924,Good
rice stick,178.5666,Good
facial wash,0,95
pain relief oil,17.77921,Good
nori,45.1654,Good
grapes,63.16977,Good
bell pepper,80.85522,Good
blueberries,0,96
pet shampoo,36.85299,Good
paper plates,53.19738,Good
caramel latte mix,81.57446,Good
black roast coffee,95.91016,Good
rice stick,115.2668,Good
toilet papers,0,97
chocolate cake bar,33.1758,Good
puto cheese,59.88509,Good
black roast coffee,74.55211,Good
vanilla cake bar,91.22931,Good
cloves,113.2585,Good
caramel latte mix,0,98
black roast coffee,14.4361,Good
yogurt juice,39.15098,Good
bell pepper,54.82813,Good
cocoa powder,74.51498,Good
cheddar spread,0,99
cloves,16.78841,Good
shampoo,38.81878,Good
choco pie,66.19711,Good
cotton buds,91.56795,Good
potato chips,117.94,Good
pet shampoo,148.7832,Good
